"path","category","runtime_relevance","reviewed","issues_found","notes"
".gitattributes","unrelated support","structural","structural","",""
".github/workflows/ci.yml","CI/configuration","structural","structural","",""
".gitignore","unrelated support","structural","structural","",""
".pre-commit-config.yaml","unrelated support","structural","structural","",""
"BENCHMARK_CARD.md","unrelated support","structural","structural","",""
"CHANGELOG.md","unrelated support","structural","structural","",""
"CITATION.cff","unrelated support","structural","structural","",""
"DATA_CARD.md","unrelated support","structural","structural","",""
"LICENSE","unrelated support","structural","structural","",""
"MODEL_CARD.md","unrelated support","structural","structural","",""
"README.md","documentation","structural","structural","",""
"RELEASE_NOTES.md","unrelated support","structural","structural","",""
"SECURITY.md","unrelated support","structural","structural","",""
"artifacts/checkpoints/.gitkeep","research evidence","structural","structural","",""
"artifacts/results/.gitkeep","research evidence","structural","structural","",""
"artifacts/strong_policy_upgrade/causal_expert_demonstrations/manifest.json","research evidence","structural","structural","",""
"artifacts/strong_policy_upgrade/causal_expert_demonstrations_systematic/manifest.json","research evidence","structural","structural","",""
"artifacts/strong_policy_upgrade/expert_demonstrations/manifest.json","research evidence","structural","structural","",""
"artifacts/strong_policy_upgrade/hierarchical_demonstrations/manifest.json","research evidence","structural","structural","",""
"artifacts/strong_policy_upgrade/hierarchical_demonstrations_attempt_1/manifest.json","research evidence","structural","structural","",""
"artifacts/strong_policy_upgrade/hierarchical_demonstrations_attempt_2/manifest.json","research evidence","structural","structural","",""
"configs/baselines/frontier_exploration.yaml","configuration","runtime-relevant","full","",""
"configs/baselines/nearest_risk_revisit.yaml","configuration","runtime-relevant","full","",""
"configs/baselines/risk_aware_astar.yaml","configuration","runtime-relevant","full","",""
"configs/benchmarks/full_matrix.yaml","configuration","runtime-relevant","full","",""
"configs/curriculum/safe_viewpoint_radius2.json","configuration","runtime-relevant","full","",""
"configs/env/grid.yaml","configuration","runtime-relevant","full","",""
"configs/grid/site_dynamic.yaml","configuration","runtime-relevant","full","",""
"configs/grid/site_medium.yaml","configuration","runtime-relevant","full","",""
"configs/grid/site_small.yaml","configuration","runtime-relevant","full","",""
"configs/perception/class_schema.json","configuration","runtime-relevant","full","",""
"configs/perception/fast_balanced_continuation.json","configuration","runtime-relevant","full","",""
"configs/perception/pilot_training.json","configuration","runtime-relevant","full","",""
"configs/perception/ppe_dataset.yaml","configuration","runtime-relevant","full","",""
"configs/perception/production_candidate_100e.json","configuration","runtime-relevant","full","",""
"configs/perception/stage5b_live_perception.json","configuration","runtime-relevant","full","",""
"configs/safety/safety_contract_v3.yaml","configuration","runtime-relevant","full","",""
"configs/train/ppo.yaml","configuration","runtime-relevant","full","",""
"configs/training/ppo.yaml","configuration","runtime-relevant","full","",""
"configs/training/riskshield_hierarchical_hrmppo_mpc_v4.yaml","configuration","runtime-relevant","full","",""
"configs/training/riskshield_hrmppo_safe_v3.yaml","configuration","runtime-relevant","full","",""
"configs/training/riskshield_hrmppo_safe_v3_strategy_a.yaml","configuration","runtime-relevant","full","",""
"configs/training/riskshield_hrmppo_safe_v3_strategy_b.yaml","configuration","runtime-relevant","full","",""
"configs/training/riskshield_hrmppo_safe_v3_strategy_c.yaml","configuration","runtime-relevant","full","",""
"configs/training/riskshield_hrmppo_v2.yaml","configuration","runtime-relevant","full","",""
"configs/training/riskshield_ppo.yaml","configuration","runtime-relevant","full","",""
"configs/training/sac.yaml","configuration","runtime-relevant","full","",""
"configs/uncertainty/protocol.yaml","configuration","runtime-relevant","full","",""
"configs/webots/policy_control.json","configuration","runtime-relevant","full","",""
"configs/webots/semantic_perception.json","configuration","runtime-relevant","full","",""
"configs/webots/site_dynamic.yaml","configuration","runtime-relevant","full","",""
"configs/webots/site_medium.yaml","configuration","runtime-relevant","full","",""
"configs/webots/site_small.yaml","configuration","runtime-relevant","full","",""
"configs/webots/stage5a3_closed_loop_route.json","configuration","runtime-relevant","full","",""
"data/expert/.gitkeep","unrelated support","structural","structural","",""
"data/manifests/ppe_class_counts.csv","unrelated support","structural","structural","",""
"data/manifests/ppe_dataset_audit.json","unrelated support","structural","structural","",""
"data/manifests/ppe_dataset_integration_validation.json","unrelated support","structural","structural","",""
"data/manifests/ppe_dataset_manifest.json","unrelated support","structural","structural","",""
"data/processed/.gitkeep","unrelated support","structural","structural","",""
"data/raw/.gitkeep","unrelated support","structural","structural","",""
"data/scenarios/README.md","documentation","structural","structural","",""
"data/scenarios/manifest.json","unrelated support","structural","structural","",""
"data/scenarios/stress/stress.jsonl","unrelated support","structural","structural","",""
"data/scenarios/test_seen/test_seen.jsonl","unrelated support","structural","structural","",""
"data/scenarios/test_unseen/test_unseen.jsonl","unrelated support","structural","structural","",""
"data/scenarios/train/train.jsonl","unrelated support","structural","structural","",""
"data/scenarios/validation/validation.jsonl","unrelated support","structural","structural","",""
"docs/architecture/final_system_architecture.md","documentation","structural","structural","",""
"docs/assets/stage5b4_final_live_perception.gif","documentation","structural","structural","",""
"docs/baselines/expert_planners.md","documentation","structural","structural","",""
"docs/benchmarks/full_research_benchmark.md","documentation","structural","structural","",""
"docs/benchmarks/grid_environment.md","documentation","structural","structural","",""
"docs/experiment_protocol.md","documentation","structural","structural","",""
"docs/experiments/uncertainty_protocol.md","documentation","structural","structural","",""
"docs/final_demo.md","documentation","structural","structural","",""
"docs/final_safe_rl_system.md","documentation","structural","structural","",""
"docs/final_stage_completion_matrix.md","documentation","structural","structural","",""
"docs/methods/causal_expert_policy.md","documentation","structural","structural","",""
"docs/methods/reward_and_cost_v2.md","documentation","structural","structural","",""
"docs/methods/riskshield_ppo.md","documentation","structural","structural","",""
"docs/perception/final_perception_pipeline.md","documentation","structural","structural","",""
"docs/perception/model_card.md","documentation","structural","structural","",""
"docs/perception_dataset.md","documentation","structural","structural","",""
"docs/perception_production_training.md","documentation","structural","structural","",""
"docs/perception_training.md","documentation","structural","structural","",""
"docs/problem_formulation.md","documentation","structural","structural","",""
"docs/project_completion_plan.md","documentation","structural","structural","",""
"docs/reproducibility.md","documentation","structural","structural","",""
"docs/research_methodology.md","documentation","structural","structural","",""
"docs/safety/predictive_safety_shield.md","documentation","structural","structural","",""
"docs/safety/safety_contract_v3.md","documentation","structural","structural","",""
"docs/stage_2c_scenario_integration.md","documentation","structural","structural","",""
"docs/stage_2d_training_diagnostics.md","documentation","structural","structural","",""
"docs/stage_3a_expert_baselines.md","documentation","structural","structural","",""
"docs/stage_3a_results.md","documentation","structural","structural","",""
"docs/stage_3b_results.md","documentation","structural","structural","",""
"docs/stage_3b_safe_viewpoint_inspection.md","documentation","structural","structural","",""
"docs/stage_3c_results.md","documentation","structural","structural","",""
"docs/stage_3c_safe_curriculum_training.md","documentation","structural","structural","",""
"docs/stage_3d_maskable_ppo.md","documentation","structural","structural","",""
"docs/stage_3d_results.md","documentation","structural","structural","",""
"docs/stage_3d_smoke_results.md","documentation","structural","structural","",""
"docs/stage_3e_a_checkpoint_audit.md","documentation","structural","structural","",""
"docs/stage_3e_a_deadlock_validation.md","documentation","structural","structural","",""
"docs/stage_3e_a_smoke_results.md","documentation","structural","structural","",""
"docs/stage_3e_semantic_safety_shield.md","documentation","structural","structural","",""
"docs/stage_4_webots_integration.md","documentation","structural","structural","",""
"docs/stage_4a_runtime_validation.md","documentation","structural","structural","",""
"docs/stage_4b2_live_webots_sensors.md","documentation","structural","structural","",""
"docs/stage_4b2_runtime_evidence.md","documentation","structural","structural","",""
"docs/stage_4b_observation_action_bridge.md","documentation","structural","structural","",""
"docs/stage_4c1b_runtime_evidence.md","documentation","structural","structural","",""
"docs/stage_4c_policy_inference_dry_run.md","documentation","structural","structural","",""
"docs/stage_4d_professional_showcase.md","documentation","structural","structural","",""
"docs/stage_5a3_closed_loop_inspection_mission.md","documentation","structural","structural","",""
"docs/stage_5a_live_camera_acquisition.md","documentation","structural","structural","",""
"docs/stage_5b3_controller_synchronized_perception.md","documentation","structural","structural","",""
"docs/stage_5b4_final_camera_showcase.md","documentation","structural","structural","",""
"docs/stage_5b_live_perception_integration.md","documentation","structural","structural","",""
"docs/stage_5c_rl_motor_control.md","documentation","structural","structural","",""
"docs/training/ppo_sac_baselines.md","documentation","structural","structural","",""
"docs/troubleshooting.md","documentation","structural","structural","",""
"docs/webots/environments.md","documentation","structural","structural","",""
"paper/README.md","paper","structural","structural","",""
"paper/figures/learning_curves.png","paper","structural","structural","",""
"paper/figures/safety_cost_curves.png","paper","structural","structural","",""
"paper/figures/safety_performance_pareto.png","paper","structural","structural","",""
"paper/figures/uncertainty_degradation.png","paper","structural","structural","",""
"paper/main.pdf","paper","structural","structural","",""
"paper/main.tex","paper","structural","structural","",""
"paper/references.bib","paper","structural","structural","",""
"paper/tables/ablation_summary.tex","paper","structural","structural","",""
"paper/tables/algorithm_summary.tex","paper","structural","structural","",""
"pyproject.toml","unrelated support","runtime-relevant","full","",""
"release/README.md","documentation","structural","structural","",""
"release/SHA256SUMS.txt","unrelated support","structural","structural","",""
"release/manifest.json","unrelated support","structural","structural","",""
"reports/final_project_completion/baseline_audit.json","research evidence","structural","structural","",""
"reports/final_project_completion/baseline_audit.md","research evidence","structural","structural","",""
"reports/final_project_completion/execution_log.md","research evidence","structural","structural","",""
"reports/final_project_completion/final_completion_report.json","research evidence","structural","structural","",""
"reports/final_project_completion/final_completion_report.md","research evidence","structural","structural","",""
"reports/final_project_completion/final_file_inventory.txt","research evidence","structural","structural","",""
"reports/final_project_completion/final_git_history.txt","research evidence","structural","structural","",""
"reports/final_project_completion/final_runtime_summary.json","research evidence","structural","structural","",""
"reports/final_project_completion/final_test_results.txt","research evidence","structural","structural","",""
"reports/final_project_completion/stage5b_visual_evidence/final_first_person.png","research evidence","structural","structural","",""
"reports/final_project_completion/stage5b_visual_evidence/initial_first_person.png","research evidence","structural","structural","",""
"reports/final_project_completion/stage5b_visual_evidence/left_turn_first_person.png","research evidence","structural","structural","",""
"reports/final_project_completion/stage5b_visual_evidence/middle_first_person.png","research evidence","structural","structural","",""
"reports/final_project_completion/stage5b_visual_evidence/right_turn_first_person.png","research evidence","structural","structural","",""
"reports/final_project_completion/stage5b_visual_evidence/selected_cv_annotated_frame.png","research evidence","structural","structural","",""
"reports/final_project_completion/stage5b_visual_evidence/stage5b_runtime_summary.json","research evidence","structural","structural","",""
"reports/final_project_completion/stages/stage-5b-live-perception-integration/plan.md","research evidence","structural","structural","",""
"reports/final_project_completion/stages/stage-5b-live-perception-integration/result.json","research evidence","structural","structural","",""
"reports/final_project_completion/stages/stage-5b-live-perception-integration/result.md","research evidence","structural","structural","",""
"reports/final_project_completion/stages/stage-5c-rl-motor-control/evidence/action_trace.jsonl","research evidence","structural","structural","",""
"reports/final_project_completion/stages/stage-5c-rl-motor-control/evidence/annotated_000.png","research evidence","structural","structural","",""
"reports/final_project_completion/stages/stage-5c-rl-motor-control/evidence/first_person_final.png","research evidence","structural","structural","",""
"reports/final_project_completion/stages/stage-5c-rl-motor-control/evidence/first_person_initial.png","research evidence","structural","structural","",""
"reports/final_project_completion/stages/stage-5c-rl-motor-control/evidence/motor_commands.jsonl","research evidence","structural","structural","",""
"reports/final_project_completion/stages/stage-5c-rl-motor-control/evidence/stage5c_runtime_summary.json","research evidence","structural","structural","",""
"reports/final_project_completion/stages/stage-5c-rl-motor-control/plan.md","research evidence","structural","structural","",""
"reports/final_project_completion/stages/stage-5c-rl-motor-control/result.json","research evidence","structural","structural","",""
"reports/final_project_completion/stages/stage-5c-rl-motor-control/result.md","research evidence","structural","structural","",""
"reports/final_submission/execution_log.md","research evidence","structural","structural","",""
"reports/final_submission/final_artifact_manifest.json","research evidence","structural","structural","",""
"reports/final_submission/final_benchmark_summary.json","research evidence","structural","structural","",""
"reports/final_submission/final_file_inventory.txt","research evidence","structural","structural","",""
"reports/final_submission/final_git_history.txt","research evidence","structural","structural","",""
"reports/final_submission/final_limitations.md","research evidence","structural","structural","",""
"reports/final_submission/final_runtime_summary.json","research evidence","structural","structural","",""
"reports/final_submission/final_submission_report.json","research evidence","structural","structural","",""
"reports/final_submission/final_submission_report.md","research evidence","structural","structural","",""
"reports/final_submission/final_test_results.txt","research evidence","structural","structural","",""
"reports/final_submission/interruption_recovery.json","research evidence","structural","structural","",""
"reports/final_submission/paper_result.json","research evidence","structural","structural","",""
"reports/final_submission/paper_result.md","research evidence","structural","structural","",""
"reports/final_submission/release_manifest.json","research evidence","structural","structural","",""
"reports/final_submission/stage1_grid_environment/validation.json","research evidence","structural","structural","",""
"reports/final_submission/stage2_planner_baselines/raw_results.csv","research evidence","structural","structural","",""
"reports/final_submission/stage2_planner_baselines/summary.json","research evidence","structural","structural","",""
"reports/final_submission/stage3_rl_baselines/collisions.png","research evidence","structural","structural","",""
"reports/final_submission/stage3_rl_baselines/constraint_violations.png","research evidence","structural","structural","",""
"reports/final_submission/stage3_rl_baselines/coverage.png","research evidence","structural","structural","",""
"reports/final_submission/stage3_rl_baselines/episodic_return.png","research evidence","structural","structural","",""
"reports/final_submission/stage3_rl_baselines/evaluation_results.csv","research evidence","structural","structural","",""
"reports/final_submission/stage3_rl_baselines/hazard_recall.png","research evidence","structural","structural","",""
"reports/final_submission/stage3_rl_baselines/ppo_checkpoint_metadata.json","research evidence","structural","structural","",""
"reports/final_submission/stage3_rl_baselines/sac_checkpoint_metadata.json","research evidence","structural","structural","",""
"reports/final_submission/stage3_rl_baselines/safety_cost.png","research evidence","structural","structural","",""
"reports/final_submission/stage3_rl_baselines/success.png","research evidence","structural","structural","",""
"reports/final_submission/stage3_rl_baselines/summary.json","research evidence","structural","structural","",""
"reports/final_submission/stage3_rl_baselines/training_metrics.csv","research evidence","structural","structural","",""
"reports/final_submission/stage4_riskshield_ppo/checkpoint_metadata.json","research evidence","structural","structural","",""
"reports/final_submission/stage4_riskshield_ppo/comparison_results.csv","research evidence","structural","structural","",""
"reports/final_submission/stage4_riskshield_ppo/comparison_summary.json","research evidence","structural","structural","",""
"reports/final_submission/stage4_riskshield_ppo/constraint_training_metrics.csv","research evidence","structural","structural","",""
"reports/final_submission/stage4_riskshield_ppo/ppo_training_diagnostics.csv","research evidence","structural","structural","",""
"reports/final_submission/stage5_safety_shield/raw_results.csv","research evidence","structural","structural","",""
"reports/final_submission/stage5_safety_shield/summary.json","research evidence","structural","structural","",""
"reports/final_submission/stage6_webots/site_dynamic/first_person_final.png","research evidence","structural","structural","",""
"reports/final_submission/stage6_webots/site_dynamic/first_person_initial.png","research evidence","structural","structural","",""
"reports/final_submission/stage6_webots/site_dynamic/stage5c_runtime_summary.json","research evidence","structural","structural","",""
"reports/final_submission/stage6_webots/site_dynamic/webots_stderr.log","research evidence","structural","structural","",""
"reports/final_submission/stage6_webots/site_dynamic/webots_stdout.log","research evidence","structural","structural","",""
"reports/final_submission/stage6_webots/site_medium/first_person_final.png","research evidence","structural","structural","",""
"reports/final_submission/stage6_webots/site_medium/first_person_initial.png","research evidence","structural","structural","",""
"reports/final_submission/stage6_webots/site_medium/stage5c_runtime_summary.json","research evidence","structural","structural","",""
"reports/final_submission/stage6_webots/site_medium/webots_stderr.log","research evidence","structural","structural","",""
"reports/final_submission/stage6_webots/site_medium/webots_stdout.log","research evidence","structural","structural","",""
"reports/final_submission/stage6_webots/site_small/first_person_final.png","research evidence","structural","structural","",""
"reports/final_submission/stage6_webots/site_small/first_person_initial.png","research evidence","structural","structural","",""
"reports/final_submission/stage6_webots/site_small/stage5c_runtime_summary.json","research evidence","structural","structural","",""
"reports/final_submission/stage6_webots/site_small/webots_stderr.log","research evidence","structural","structural","",""
"reports/final_submission/stage6_webots/site_small/webots_stdout.log","research evidence","structural","structural","",""
"reports/final_submission/stage6_webots/visual_validation.json","research evidence","structural","structural","",""
"reports/final_submission/stage6_webots/world_smoke_summary.json","research evidence","structural","structural","",""
"reports/final_submission/stage7_perception/selected_runtime_annotation.png","research evidence","structural","structural","",""
"reports/final_submission/stage7_perception/validation.json","research evidence","structural","structural","",""
"reports/final_submission/stage8_uncertainty/aggregated_results.csv","research evidence","structural","structural","",""
"reports/final_submission/stage8_uncertainty/raw_results.csv","research evidence","structural","structural","",""
"reports/final_submission/stage8_uncertainty/summary.json","research evidence","structural","structural","",""
"reports/final_submission/stage9_benchmark/ablation_manifest.json","research evidence","structural","structural","",""
"reports/final_submission/stage9_benchmark/ablation_results.csv","research evidence","structural","structural","",""
"reports/final_submission/stage9_benchmark/ablation_summary.json","research evidence","structural","structural","",""
"reports/final_submission/stage9_benchmark/aggregated_results.csv","research evidence","structural","structural","",""
"reports/final_submission/stage9_benchmark/benchmark_summary.json","research evidence","structural","structural","",""
"reports/final_submission/stage9_benchmark/failed_runs.jsonl","research evidence","structural","structural","",""
"reports/final_submission/stage9_benchmark/figures/collision_comparison.png","research evidence","structural","structural","",""
"reports/final_submission/stage9_benchmark/figures/constraint_violation_comparison.png","research evidence","structural","structural","",""
"reports/final_submission/stage9_benchmark/figures/energy_comparison.png","research evidence","structural","structural","",""
"reports/final_submission/stage9_benchmark/figures/hazard_recall_comparison.png","research evidence","structural","structural","",""
"reports/final_submission/stage9_benchmark/figures/inspection_coverage_comparison.png","research evidence","structural","structural","",""
"reports/final_submission/stage9_benchmark/figures/learning_curves.png","research evidence","structural","structural","",""
"reports/final_submission/stage9_benchmark/figures/robustness_comparison.png","research evidence","structural","structural","",""
"reports/final_submission/stage9_benchmark/figures/safety_cost_curves.png","research evidence","structural","structural","",""
"reports/final_submission/stage9_benchmark/figures/safety_performance_pareto.png","research evidence","structural","structural","",""
"reports/final_submission/stage9_benchmark/figures/safety_shield_interventions.png","research evidence","structural","structural","",""
"reports/final_submission/stage9_benchmark/figures/source_data/collision_comparison.csv","research evidence","structural","structural","",""
"reports/final_submission/stage9_benchmark/figures/source_data/constraint_violation_comparison.csv","research evidence","structural","structural","",""
"reports/final_submission/stage9_benchmark/figures/source_data/energy_comparison.csv","research evidence","structural","structural","",""
"reports/final_submission/stage9_benchmark/figures/source_data/hazard_recall_comparison.csv","research evidence","structural","structural","",""
"reports/final_submission/stage9_benchmark/figures/source_data/inspection_coverage_comparison.csv","research evidence","structural","structural","",""
"reports/final_submission/stage9_benchmark/figures/source_data/learning_curves.csv","research evidence","structural","structural","",""
"reports/final_submission/stage9_benchmark/figures/source_data/robustness_comparison.csv","research evidence","structural","structural","",""
"reports/final_submission/stage9_benchmark/figures/source_data/safety_cost_curves.csv","research evidence","structural","structural","",""
"reports/final_submission/stage9_benchmark/figures/source_data/safety_performance_pareto.csv","research evidence","structural","structural","",""
"reports/final_submission/stage9_benchmark/figures/source_data/safety_shield_interventions.csv","research evidence","structural","structural","",""
"reports/final_submission/stage9_benchmark/figures/source_data/success_rate_comparison.csv","research evidence","structural","structural","",""
"reports/final_submission/stage9_benchmark/figures/source_data/time_to_inspect_comparison.csv","research evidence","structural","structural","",""
"reports/final_submission/stage9_benchmark/figures/source_data/uncertainty_degradation.csv","research evidence","structural","structural","",""
"reports/final_submission/stage9_benchmark/figures/success_rate_comparison.png","research evidence","structural","structural","",""
"reports/final_submission/stage9_benchmark/figures/time_to_inspect_comparison.png","research evidence","structural","structural","",""
"reports/final_submission/stage9_benchmark/figures/uncertainty_degradation.png","research evidence","structural","structural","",""
"reports/final_submission/stage9_benchmark/raw_results.csv","research evidence","structural","structural","",""
"reports/final_submission/stage9_benchmark/raw_results.parquet","research evidence","structural","structural","",""
"reports/final_submission/stage9_benchmark/resume_state.json","research evidence","structural","structural","",""
"reports/final_submission/stage9_benchmark/run_manifest.json","research evidence","structural","structural","",""
"reports/final_submission/stage9_benchmark/statistical_analysis.json","research evidence","structural","structural","",""
"reports/final_submission/stage9_benchmark/statistical_analysis.md","research evidence","structural","structural","",""
"reports/final_submission/stage9_benchmark/tables/ablation_summary.csv","research evidence","structural","structural","",""
"reports/final_submission/stage9_benchmark/tables/ablation_summary.tex","research evidence","structural","structural","",""
"reports/final_submission/stage9_benchmark/tables/algorithm_summary.csv","research evidence","structural","structural","",""
"reports/final_submission/stage9_benchmark/tables/algorithm_summary.tex","research evidence","structural","structural","",""
"reports/final_submission/stage9_benchmark/validation/five_algorithm_gate/aggregated_results.csv","research evidence","structural","structural","",""
"reports/final_submission/stage9_benchmark/validation/five_algorithm_gate/benchmark_summary.json","research evidence","structural","structural","",""
"reports/final_submission/stage9_benchmark/validation/five_algorithm_gate/failed_runs.jsonl","research evidence","structural","structural","",""
"reports/final_submission/stage9_benchmark/validation/five_algorithm_gate/raw_results.csv","research evidence","structural","structural","",""
"reports/final_submission/stage9_benchmark/validation/five_algorithm_gate/raw_results.parquet","research evidence","structural","structural","",""
"reports/final_submission/stage9_benchmark/validation/five_algorithm_gate/resume_state.json","research evidence","structural","structural","",""
"reports/final_submission/stage9_benchmark/validation/five_algorithm_gate/statistical_analysis.json","research evidence","structural","structural","",""
"reports/final_submission/stage_audit.json","research evidence","structural","structural","",""
"reports/final_submission/stage_audit.md","research evidence","structural","structural","",""
"reports/perception/pilot_runs/latest_pilot_summary.json","research evidence","structural","structural","",""
"reports/perception/pilot_runs/pilot_summary_20260722_211614.csv","research evidence","structural","structural","",""
"reports/perception/pilot_runs/pilot_summary_20260722_211614.json","research evidence","structural","structural","",""
"reports/perception/pilot_runs/pilot_viability_decision.json","research evidence","structural","structural","",""
"reports/perception/production_training_optimized/latest_summary.json","research evidence","structural","structural","",""
"reports/perception/production_training_optimized/summary_20260723_003324.json","research evidence","structural","structural","",""
"reports/perception/stage5b/benchmark_20260726/benchmark_stage5b_models.py","research evidence","structural","structural","",""
"reports/perception/stage5b/benchmark_20260726/stage5b1_console_output.txt","research evidence","structural","structural","",""
"reports/perception/stage5b/benchmark_20260726/stage5b1_model_benchmark.csv","research evidence","structural","structural","",""
"reports/perception/stage5b/benchmark_20260726/stage5b1_model_benchmark.json","research evidence","structural","structural","",""
"reports/perception/stage5b/benchmark_20260726/stage5b1_selected_model.json","research evidence","structural","structural","",""
"reports/perception/stage5b/model_selection.json","research evidence","structural","structural","",""
"reports/perception/stage5b/stage5b3_runtime_validation.json","research evidence","structural","structural","",""
"reports/perception/stage5b/stage5b4_final_showcase.json","research evidence","structural","structural","",""
"reports/perception/training_environment.json","research evidence","structural","structural","",""
"reports/repository_audit/branch_comparison.md","research evidence","structural","structural","",""
"reports/repository_audit/documentation_review.md","research evidence","structural","structural","",""
"reports/repository_audit/file_coverage.csv","research evidence","structural","structural","",""
"reports/repository_audit/github_tree.json","research evidence","structural","structural","",""
"reports/repository_audit/issues.csv","research evidence","structural","structural","",""
"reports/repository_audit/rendering_root_cause.md","research evidence","structural","structural","",""
"reports/repository_audit/security_review.md","research evidence","structural","structural","",""
"reports/repository_audit/summary.json","research evidence","structural","structural","",""
"reports/repository_audit/summary.md","research evidence","structural","structural","",""
"reports/repository_audit/tracked_files.txt","research evidence","structural","structural","",""
"reports/strong_policy_upgrade/ablations_v4/infeasible_variants.json","research evidence","structural","structural","",""
"reports/strong_policy_upgrade/ablations_v4/protocol.md","research evidence","structural","structural","",""
"reports/strong_policy_upgrade/ablations_v4/statistics.json","research evidence","structural","structural","",""
"reports/strong_policy_upgrade/ablations_v4/statistics.md","research evidence","structural","structural","",""
"reports/strong_policy_upgrade/ablations_v4/summary.csv","research evidence","structural","structural","",""
"reports/strong_policy_upgrade/ablations_v4/summary.json","research evidence","structural","structural","",""
"reports/strong_policy_upgrade/baseline_manifests/best_recurrent_dagger.json","research evidence","structural","structural","",""
"reports/strong_policy_upgrade/baseline_manifests/causal_expert.json","research evidence","structural","structural","",""
"reports/strong_policy_upgrade/baseline_manifests/causal_risk_aware_astar.json","research evidence","structural","structural","",""
"reports/strong_policy_upgrade/baseline_manifests/hrmppo_safe_v3_failed.json","research evidence","structural","structural","",""
"reports/strong_policy_upgrade/baseline_manifests/hrmppo_v2_task_baseline.json","research evidence","structural","structural","",""
"reports/strong_policy_upgrade/baseline_manifests/riskshield_ppo_v1.json","research evidence","structural","structural","",""
"reports/strong_policy_upgrade/benchmark_v2/aggregated_results.csv","research evidence","structural","structural","",""
"reports/strong_policy_upgrade/benchmark_v2/benchmark_summary.json","research evidence","structural","structural","",""
"reports/strong_policy_upgrade/benchmark_v2/benchmark_summary.md","research evidence","structural","structural","",""
"reports/strong_policy_upgrade/benchmark_v2/hierarchical_v4_rows.csv","research evidence","structural","structural","",""
"reports/strong_policy_upgrade/benchmark_v2/integrity_report.json","research evidence","structural","structural","",""
"reports/strong_policy_upgrade/benchmark_v2/integrity_report.md","research evidence","structural","structural","",""
"reports/strong_policy_upgrade/benchmark_v2/metric_availability.json","research evidence","structural","structural","",""
"reports/strong_policy_upgrade/benchmark_v2/raw_results.csv","research evidence","structural","structural","",""
"reports/strong_policy_upgrade/benchmark_v2/raw_results.parquet","research evidence","structural","structural","",""
"reports/strong_policy_upgrade/benchmark_v2/resume_state.json","research evidence","structural","structural","",""
"reports/strong_policy_upgrade/causal_behavior_cloning/behavior_cloning_results.csv","research evidence","structural","structural","",""
"reports/strong_policy_upgrade/causal_behavior_cloning/behavior_cloning_summary.json","research evidence","structural","structural","",""
"reports/strong_policy_upgrade/causal_behavior_cloning/checkpoint_manifest.json","research evidence","structural","structural","",""
"reports/strong_policy_upgrade/causal_behavior_cloning/confusion_matrix_seed_20260730.csv","research evidence","structural","structural","",""
"reports/strong_policy_upgrade/causal_behavior_cloning/confusion_matrix_seed_20260731.csv","research evidence","structural","structural","",""
"reports/strong_policy_upgrade/causal_behavior_cloning/confusion_matrix_seed_20260732.csv","research evidence","structural","structural","",""
"reports/strong_policy_upgrade/causal_behavior_cloning/memory_profile.json","research evidence","structural","structural","",""
"reports/strong_policy_upgrade/causal_behavior_cloning/memory_smoke_test.json","research evidence","structural","structural","",""
"reports/strong_policy_upgrade/causal_behavior_cloning/mix_summary.json","research evidence","structural","structural","",""
"reports/strong_policy_upgrade/causal_dataset_recovery.json","research evidence","structural","structural","",""
"reports/strong_policy_upgrade/causal_expert/evaluation.csv","research evidence","structural","structural","",""
"reports/strong_policy_upgrade/causal_expert/summary.json","research evidence","structural","structural","",""
"reports/strong_policy_upgrade/causal_expert_dataset/summary.json","research evidence","structural","structural","",""
"reports/strong_policy_upgrade/causal_expert_dataset_systematic/summary.json","research evidence","structural","structural","",""
"reports/strong_policy_upgrade/cv_final_audit/summary.json","research evidence","structural","structural","",""
"reports/strong_policy_upgrade/cv_final_audit/summary.md","research evidence","structural","structural","",""
"reports/strong_policy_upgrade/dagger/dagger_iteration_1.json","research evidence","structural","structural","",""
"reports/strong_policy_upgrade/dagger/dagger_iteration_2.json","research evidence","structural","structural","",""
"reports/strong_policy_upgrade/dagger/dagger_iteration_3.json","research evidence","structural","structural","",""
"reports/strong_policy_upgrade/dagger/dagger_results.csv","research evidence","structural","structural","",""
"reports/strong_policy_upgrade/dagger/dagger_summary.json","research evidence","structural","structural","",""
"reports/strong_policy_upgrade/dagger/iteration_1_training/behavior_cloning_summary.json","research evidence","structural","structural","",""
"reports/strong_policy_upgrade/dagger/iteration_1_training/confusion_matrix.csv","research evidence","structural","structural","",""
"reports/strong_policy_upgrade/dagger/iteration_1_training/memory_profile.json","research evidence","structural","structural","",""
"reports/strong_policy_upgrade/dagger/iteration_2_training/behavior_cloning_summary.json","research evidence","structural","structural","",""
"reports/strong_policy_upgrade/dagger/iteration_2_training/confusion_matrix.csv","research evidence","structural","structural","",""
"reports/strong_policy_upgrade/dagger/iteration_2_training/memory_profile.json","research evidence","structural","structural","",""
"reports/strong_policy_upgrade/dagger/iteration_3_training/behavior_cloning_summary.json","research evidence","structural","structural","",""
"reports/strong_policy_upgrade/dagger/iteration_3_training/confusion_matrix.csv","research evidence","structural","structural","",""
"reports/strong_policy_upgrade/dagger/iteration_3_training/memory_profile.json","research evidence","structural","structural","",""
"reports/strong_policy_upgrade/dagger_risk_astar/dagger_iteration_1.json","research evidence","structural","structural","",""
"reports/strong_policy_upgrade/dagger_risk_astar/dagger_iteration_2.json","research evidence","structural","structural","",""
"reports/strong_policy_upgrade/dagger_risk_astar/dagger_iteration_3.json","research evidence","structural","structural","",""
"reports/strong_policy_upgrade/dagger_risk_astar/dagger_results.csv","research evidence","structural","structural","",""
"reports/strong_policy_upgrade/dagger_risk_astar/dagger_summary.json","research evidence","structural","structural","",""
"reports/strong_policy_upgrade/diagnosis_planners/raw_results.csv","research evidence","structural","structural","",""
"reports/strong_policy_upgrade/diagnosis_planners/summary.json","research evidence","structural","structural","",""
"reports/strong_policy_upgrade/execution_log.md","research evidence","structural","structural","",""
"reports/strong_policy_upgrade/expert_dataset_failed_attempt_2.json","research evidence","structural","structural","",""
"reports/strong_policy_upgrade/expert_dataset_failed_attempt_3.json","research evidence","structural","structural","",""
"reports/strong_policy_upgrade/expert_dataset_summary.json","research evidence","structural","structural","",""
"reports/strong_policy_upgrade/failure_diagnosis.json","research evidence","structural","structural","",""
"reports/strong_policy_upgrade/failure_diagnosis.md","research evidence","structural","structural","",""
"reports/strong_policy_upgrade/final_acceptance_v2/artifact_manifest.json","research evidence","structural","structural","",""
"reports/strong_policy_upgrade/final_acceptance_v2/gates.json","research evidence","structural","structural","",""
"reports/strong_policy_upgrade/final_acceptance_v2/summary.json","research evidence","structural","structural","",""
"reports/strong_policy_upgrade/final_acceptance_v2/summary.md","research evidence","structural","structural","",""
"reports/strong_policy_upgrade/final_completion/current_state_audit.json","research evidence","structural","structural","",""
"reports/strong_policy_upgrade/final_completion/current_state_audit.md","research evidence","structural","structural","",""
"reports/strong_policy_upgrade/final_completion/legacy_gate_audit.json","research evidence","structural","structural","",""
"reports/strong_policy_upgrade/final_completion/legacy_gate_audit.md","research evidence","structural","structural","",""
"reports/strong_policy_upgrade/final_completion_handoff.json","research evidence","structural","structural","",""
"reports/strong_policy_upgrade/final_resume_audit.json","research evidence","structural","structural","",""
"reports/strong_policy_upgrade/final_resume_audit.md","research evidence","structural","structural","",""
"reports/strong_policy_upgrade/first_person_adaptive_demo/pre_change_audit.json","research evidence","structural","structural","",""
"reports/strong_policy_upgrade/first_person_adaptive_demo/pre_change_audit.md","research evidence","structural","structural","",""
"reports/strong_policy_upgrade/first_person_adaptive_demo/route_diversity.json","research evidence","structural","structural","",""
"reports/strong_policy_upgrade/first_person_adaptive_demo/route_diversity.md","research evidence","structural","structural","",""
"reports/strong_policy_upgrade/forensic_v4_correction/assertion_contract.json","research evidence","structural","structural","",""
"reports/strong_policy_upgrade/forensic_v4_correction/assertion_contract.md","research evidence","structural","structural","",""
"reports/strong_policy_upgrade/forensic_v4_correction/pre_correction_findings.json","research evidence","structural","structural","",""
"reports/strong_policy_upgrade/forensic_v4_correction/pre_correction_findings.md","research evidence","structural","structural","",""
"reports/strong_policy_upgrade/github_ci/ci_discovery.json","research evidence","structural","structural","",""
"reports/strong_policy_upgrade/github_ci/ci_discovery.md","research evidence","structural","structural","",""
"reports/strong_policy_upgrade/github_ci/final_green_run.json","research evidence","structural","structural","",""
"reports/strong_policy_upgrade/github_ci/final_green_run.log","research evidence","structural","structural","",""
"reports/strong_policy_upgrade/github_ci/final_green_run.md","research evidence","structural","structural","",""
"reports/strong_policy_upgrade/github_ci/run_31035868066_failed.log","research evidence","structural","structural","",""
"reports/strong_policy_upgrade/github_ci/run_31035868066_summary.md","research evidence","structural","structural","",""
"reports/strong_policy_upgrade/hierarchical_beta_zero_systematic_final/summary.json","research evidence","structural","structural","",""
"reports/strong_policy_upgrade/hierarchical_dagger_accepted/summary.json","research evidence","structural","structural","",""
"reports/strong_policy_upgrade/hierarchical_dataset_summary.json","research evidence","structural","structural","",""
"reports/strong_policy_upgrade/hierarchical_final_recovery.json","research evidence","structural","structural","",""
"reports/strong_policy_upgrade/hierarchical_final_recovery.md","research evidence","structural","structural","",""
"reports/strong_policy_upgrade/hierarchical_h2_5k_evaluation/summary.json","research evidence","structural","structural","",""
"reports/strong_policy_upgrade/hierarchical_h3_5k_evaluation/summary.json","research evidence","structural","structural","",""
"reports/strong_policy_upgrade/hierarchical_imitation/confusion_matrix_seed_42.csv","research evidence","structural","structural","",""
"reports/strong_policy_upgrade/hierarchical_imitation/confusion_matrix_seed_43.csv","research evidence","structural","structural","",""
"reports/strong_policy_upgrade/hierarchical_imitation/confusion_matrix_seed_44.csv","research evidence","structural","structural","",""
"reports/strong_policy_upgrade/hierarchical_imitation/summary.json","research evidence","structural","structural","",""
"reports/strong_policy_upgrade/hierarchical_imitation_smoke/confusion_matrix_seed_42.csv","research evidence","structural","structural","",""
"reports/strong_policy_upgrade/hierarchical_imitation_smoke/summary.json","research evidence","structural","structural","",""
"reports/strong_policy_upgrade/hierarchical_imitation_smoke_balanced/confusion_matrix_seed_43.csv","research evidence","structural","structural","",""
"reports/strong_policy_upgrade/hierarchical_imitation_smoke_balanced/summary.json","research evidence","structural","structural","",""
"reports/strong_policy_upgrade/hierarchical_imitation_smoke_repaired/confusion_matrix_seed_44.csv","research evidence","structural","structural","",""
"reports/strong_policy_upgrade/hierarchical_imitation_smoke_repaired/summary.json","research evidence","structural","structural","",""
"reports/strong_policy_upgrade/hierarchical_imitation_systematic_final/confusion_matrix_seed_101.csv","research evidence","structural","structural","",""
"reports/strong_policy_upgrade/hierarchical_imitation_systematic_final/confusion_matrix_seed_102.csv","research evidence","structural","structural","",""
"reports/strong_policy_upgrade/hierarchical_imitation_systematic_final/confusion_matrix_seed_103.csv","research evidence","structural","structural","",""
"reports/strong_policy_upgrade/hierarchical_imitation_systematic_final/summary.json","research evidence","structural","structural","",""
"reports/strong_policy_upgrade/hierarchical_v4_recovery/interruption_recovery.json","research evidence","structural","structural","",""
"reports/strong_policy_upgrade/hrmppo_safe_v3/clearance_confirmation_5_diagnostic/evaluation.csv","research evidence","structural","structural","",""
"reports/strong_policy_upgrade/hrmppo_safe_v3/clearance_confirmation_5_diagnostic/summary.json","research evidence","structural","structural","",""
"reports/strong_policy_upgrade/hrmppo_safe_v3/clearance_confirmation_diagnostic/evaluation.csv","research evidence","structural","structural","",""
"reports/strong_policy_upgrade/hrmppo_safe_v3/clearance_confirmation_diagnostic/summary.json","research evidence","structural","structural","",""
"reports/strong_policy_upgrade/hrmppo_safe_v3/clearance_probability_diagnostic/evaluation.csv","research evidence","structural","structural","",""
"reports/strong_policy_upgrade/hrmppo_safe_v3/clearance_probability_diagnostic/events.jsonl","research evidence","structural","structural","",""
"reports/strong_policy_upgrade/hrmppo_safe_v3/clearance_probability_diagnostic/summary.json","research evidence","structural","structural","",""
"reports/strong_policy_upgrade/hrmppo_safe_v3/event_trace_diagnostic/evaluation.csv","research evidence","structural","structural","",""
"reports/strong_policy_upgrade/hrmppo_safe_v3/event_trace_diagnostic/events.jsonl","research evidence","structural","structural","",""
"reports/strong_policy_upgrade/hrmppo_safe_v3/event_trace_diagnostic/summary.json","research evidence","structural","structural","",""
"reports/strong_policy_upgrade/hrmppo_safe_v3/initialized/training_summary.json","research evidence","structural","structural","",""
"reports/strong_policy_upgrade/hrmppo_safe_v3/initialized_evaluation/evaluation.csv","research evidence","structural","structural","",""
"reports/strong_policy_upgrade/hrmppo_safe_v3/initialized_evaluation/summary.json","research evidence","structural","structural","",""
"reports/strong_policy_upgrade/hrmppo_safe_v3/initialized_evaluation_v2/evaluation.csv","research evidence","structural","structural","",""
"reports/strong_policy_upgrade/hrmppo_safe_v3/initialized_evaluation_v2/summary.json","research evidence","structural","structural","",""
"reports/strong_policy_upgrade/hrmppo_safe_v3/safety_dagger_initialized_v2/training_summary.json","research evidence","structural","structural","",""
"reports/strong_policy_upgrade/hrmppo_safe_v3/safety_dagger_initialized_v2_evaluation/evaluation.csv","research evidence","structural","structural","",""
"reports/strong_policy_upgrade/hrmppo_safe_v3/safety_dagger_initialized_v2_evaluation/summary.json","research evidence","structural","structural","",""
"reports/strong_policy_upgrade/hrmppo_safe_v3/safety_dagger_initialized_v3_contract_fix/evaluation.csv","research evidence","structural","structural","",""
"reports/strong_policy_upgrade/hrmppo_safe_v3/safety_dagger_initialized_v3_contract_fix/summary.json","research evidence","structural","structural","",""
"reports/strong_policy_upgrade/hrmppo_safe_v3/shield_reason_diagnostic/evaluation.csv","research evidence","structural","structural","",""
"reports/strong_policy_upgrade/hrmppo_safe_v3/shield_reason_diagnostic/summary.json","research evidence","structural","structural","",""
"reports/strong_policy_upgrade/hrmppo_safe_v3/smoke_evaluation/evaluation.csv","research evidence","structural","structural","",""
"reports/strong_policy_upgrade/hrmppo_safe_v3/smoke_evaluation/summary.json","research evidence","structural","structural","",""
"reports/strong_policy_upgrade/hrmppo_safe_v3/smoke_resume/training_summary.json","research evidence","structural","structural","",""
"reports/strong_policy_upgrade/hrmppo_safe_v3/strategy_a_5k/training_summary.json","research evidence","structural","structural","",""
"reports/strong_policy_upgrade/hrmppo_safe_v3/strategy_a_5k_evaluation/evaluation.csv","research evidence","structural","structural","",""
"reports/strong_policy_upgrade/hrmppo_safe_v3/strategy_a_5k_evaluation/summary.json","research evidence","structural","structural","",""
"reports/strong_policy_upgrade/hrmppo_safe_v3/strategy_b_100k/training_summary.json","research evidence","structural","structural","",""
"reports/strong_policy_upgrade/hrmppo_safe_v3/strategy_b_100k_evaluation/evaluation.csv","research evidence","structural","structural","",""
"reports/strong_policy_upgrade/hrmppo_safe_v3/strategy_b_100k_evaluation/events.jsonl","research evidence","structural","structural","",""
"reports/strong_policy_upgrade/hrmppo_safe_v3/strategy_b_100k_evaluation/summary.json","research evidence","structural","structural","",""
"reports/strong_policy_upgrade/hrmppo_safe_v3/strategy_b_30k/training_summary.json","research evidence","structural","structural","",""
"reports/strong_policy_upgrade/hrmppo_safe_v3/strategy_b_30k_evaluation/evaluation.csv","research evidence","structural","structural","",""
"reports/strong_policy_upgrade/hrmppo_safe_v3/strategy_b_30k_evaluation/summary.json","research evidence","structural","structural","",""
"reports/strong_policy_upgrade/hrmppo_safe_v3/strategy_b_5k/training_summary.json","research evidence","structural","structural","",""
"reports/strong_policy_upgrade/hrmppo_safe_v3/strategy_b_5k_evaluation/evaluation.csv","research evidence","structural","structural","",""
"reports/strong_policy_upgrade/hrmppo_safe_v3/strategy_b_5k_evaluation/summary.json","research evidence","structural","structural","",""
"reports/strong_policy_upgrade/hrmppo_safe_v3/strategy_b_units_30k/training_summary.json","research evidence","structural","structural","",""
"reports/strong_policy_upgrade/hrmppo_safe_v3/strategy_b_units_30k_evaluation/evaluation.csv","research evidence","structural","structural","",""
"reports/strong_policy_upgrade/hrmppo_safe_v3/strategy_b_units_30k_evaluation/events.jsonl","research evidence","structural","structural","",""
"reports/strong_policy_upgrade/hrmppo_safe_v3/strategy_b_units_30k_evaluation/summary.json","research evidence","structural","structural","",""
"reports/strong_policy_upgrade/hrmppo_safe_v3/strategy_c_5k/training_summary.json","research evidence","structural","structural","",""
"reports/strong_policy_upgrade/hrmppo_safe_v3/strategy_c_5k_evaluation/evaluation.csv","research evidence","structural","structural","",""
"reports/strong_policy_upgrade/hrmppo_safe_v3/strategy_c_5k_evaluation/summary.json","research evidence","structural","structural","",""
"reports/strong_policy_upgrade/hrmppo_safe_v3/strategy_executed_30k/training_summary.json","research evidence","structural","structural","",""
"reports/strong_policy_upgrade/hrmppo_safe_v3/strategy_executed_30k_evaluation/evaluation.csv","research evidence","structural","structural","",""
"reports/strong_policy_upgrade/hrmppo_safe_v3/strategy_executed_30k_evaluation/events.jsonl","research evidence","structural","structural","",""
"reports/strong_policy_upgrade/hrmppo_safe_v3/strategy_executed_30k_evaluation/summary.json","research evidence","structural","structural","",""
"reports/strong_policy_upgrade/hrmppo_safe_v3/worker_memory_diagnostic/evaluation.csv","research evidence","structural","structural","",""
"reports/strong_policy_upgrade/hrmppo_safe_v3/worker_memory_diagnostic/summary.json","research evidence","structural","structural","",""
"reports/strong_policy_upgrade/hrmppo_v2/optimization_summary.json","research evidence","structural","structural","",""
"reports/strong_policy_upgrade/hrmppo_v2/risk_dagger_iteration1_evaluation/evaluation.csv","research evidence","structural","structural","",""
"reports/strong_policy_upgrade/hrmppo_v2/risk_dagger_iteration1_evaluation/summary.json","research evidence","structural","structural","",""
"reports/strong_policy_upgrade/hrmppo_v2/search/search_manifest.json","research evidence","structural","structural","",""
"reports/strong_policy_upgrade/hrmppo_v2/shield_budget1_dagger_baseline/evaluation.csv","research evidence","structural","structural","",""
"reports/strong_policy_upgrade/hrmppo_v2/shield_budget1_dagger_baseline/summary.json","research evidence","structural","structural","",""
"reports/strong_policy_upgrade/hrmppo_v2/shield_horizon1_dagger_baseline/evaluation.csv","research evidence","structural","structural","",""
"reports/strong_policy_upgrade/hrmppo_v2/shield_horizon1_dagger_baseline/summary.json","research evidence","structural","structural","",""
"reports/strong_policy_upgrade/imitation_learning/behavior_cloning_failure_analysis_1.json","research evidence","structural","structural","",""
"reports/strong_policy_upgrade/imitation_learning/behavior_cloning_failure_analysis_2.json","research evidence","structural","structural","",""
"reports/strong_policy_upgrade/imitation_learning/behavior_cloning_failure_analysis_3.json","research evidence","structural","structural","",""
"reports/strong_policy_upgrade/imitation_learning/behavior_cloning_failure_analysis_4.json","research evidence","structural","structural","",""
"reports/strong_policy_upgrade/imitation_learning/behavior_cloning_failure_analysis_5.json","research evidence","structural","structural","",""
"reports/strong_policy_upgrade/imitation_learning/behavior_cloning_failure_analysis_6.json","research evidence","structural","structural","",""
"reports/strong_policy_upgrade/imitation_learning/behavior_cloning_failure_analysis_7.json","research evidence","structural","structural","",""
"reports/strong_policy_upgrade/imitation_learning/behavior_cloning_summary.json","research evidence","structural","structural","",""
"reports/strong_policy_upgrade/imitation_learning/confusion_matrix.csv","research evidence","structural","structural","",""
"reports/strong_policy_upgrade/imitation_learning/memory_profile.json","research evidence","structural","structural","",""
"reports/strong_policy_upgrade/imitation_learning/memory_smoke_test.json","research evidence","structural","structural","",""
"reports/strong_policy_upgrade/interruption_recovery.json","research evidence","structural","structural","",""
"reports/strong_policy_upgrade/paper_validation/summary.json","research evidence","structural","structural","",""
"reports/strong_policy_upgrade/paper_validation/summary.md","research evidence","structural","structural","",""
"reports/strong_policy_upgrade/safety_dagger/accepted_strategy.json","research evidence","structural","structural","",""
"reports/strong_policy_upgrade/safety_dagger/failure_analysis.json","research evidence","structural","structural","",""
"reports/strong_policy_upgrade/safety_dagger/failure_analysis.md","research evidence","structural","structural","",""
"reports/strong_policy_upgrade/safety_dagger/iteration_1.json","research evidence","structural","structural","",""
"reports/strong_policy_upgrade/safety_dagger/iteration_1_training/behavior_cloning_summary.json","research evidence","structural","structural","",""
"reports/strong_policy_upgrade/safety_dagger/iteration_1_training/confusion_matrix.csv","research evidence","structural","structural","",""
"reports/strong_policy_upgrade/safety_dagger/iteration_1_training/memory_profile.json","research evidence","structural","structural","",""
"reports/strong_policy_upgrade/safety_dagger/iteration_2.json","research evidence","structural","structural","",""
"reports/strong_policy_upgrade/safety_dagger/iteration_2_training/behavior_cloning_summary.json","research evidence","structural","structural","",""
"reports/strong_policy_upgrade/safety_dagger/iteration_2_training/confusion_matrix.csv","research evidence","structural","structural","",""
"reports/strong_policy_upgrade/safety_dagger/iteration_2_training/memory_profile.json","research evidence","structural","structural","",""
"reports/strong_policy_upgrade/safety_dagger/iteration_3.json","research evidence","structural","structural","",""
"reports/strong_policy_upgrade/safety_dagger/iteration_3_training/behavior_cloning_summary.json","research evidence","structural","structural","",""
"reports/strong_policy_upgrade/safety_dagger/iteration_3_training/confusion_matrix.csv","research evidence","structural","structural","",""
"reports/strong_policy_upgrade/safety_dagger/iteration_3_training/memory_profile.json","research evidence","structural","structural","",""
"reports/strong_policy_upgrade/safety_dagger/summary.json","research evidence","structural","structural","",""
"reports/strong_policy_upgrade/safety_dagger_repair_1/iteration_1.json","research evidence","structural","structural","",""
"reports/strong_policy_upgrade/safety_dagger_repair_1/iteration_1_training/behavior_cloning_summary.json","research evidence","structural","structural","",""
"reports/strong_policy_upgrade/safety_dagger_repair_1/iteration_1_training/confusion_matrix.csv","research evidence","structural","structural","",""
"reports/strong_policy_upgrade/safety_dagger_repair_1/iteration_1_training/memory_profile.json","research evidence","structural","structural","",""
"reports/strong_policy_upgrade/safety_dagger_repair_1/iteration_2.json","research evidence","structural","structural","",""
"reports/strong_policy_upgrade/safety_dagger_repair_1/iteration_2_training/behavior_cloning_summary.json","research evidence","structural","structural","",""
"reports/strong_policy_upgrade/safety_dagger_repair_1/iteration_2_training/confusion_matrix.csv","research evidence","structural","structural","",""
"reports/strong_policy_upgrade/safety_dagger_repair_1/iteration_2_training/memory_profile.json","research evidence","structural","structural","",""
"reports/strong_policy_upgrade/safety_dagger_repair_2/iteration_1.json","research evidence","structural","structural","",""
"reports/strong_policy_upgrade/safety_dagger_repair_2/iteration_1_training/behavior_cloning_summary.json","research evidence","structural","structural","",""
"reports/strong_policy_upgrade/safety_dagger_repair_2/iteration_1_training/confusion_matrix.csv","research evidence","structural","structural","",""
"reports/strong_policy_upgrade/safety_dagger_repair_2/iteration_1_training/memory_profile.json","research evidence","structural","structural","",""
"reports/strong_policy_upgrade/safety_dagger_repair_2/iteration_2.json","research evidence","structural","structural","",""
"reports/strong_policy_upgrade/safety_dagger_repair_2/iteration_2_training/behavior_cloning_summary.json","research evidence","structural","structural","",""
"reports/strong_policy_upgrade/safety_dagger_repair_2/iteration_2_training/confusion_matrix.csv","research evidence","structural","structural","",""
"reports/strong_policy_upgrade/safety_dagger_repair_2/iteration_2_training/memory_profile.json","research evidence","structural","structural","",""
"reports/strong_policy_upgrade/safety_dagger_repair_2/iteration_3.json","research evidence","structural","structural","",""
"reports/strong_policy_upgrade/safety_dagger_repair_2/iteration_3_training/behavior_cloning_summary.json","research evidence","structural","structural","",""
"reports/strong_policy_upgrade/safety_dagger_repair_2/iteration_3_training/confusion_matrix.csv","research evidence","structural","structural","",""
"reports/strong_policy_upgrade/safety_dagger_repair_2/iteration_3_training/memory_profile.json","research evidence","structural","structural","",""
"reports/strong_policy_upgrade/safety_dagger_repair_2/summary.json","research evidence","structural","structural","",""
"reports/strong_policy_upgrade/safety_finalization/optimization_failure_analysis.json","research evidence","structural","structural","",""
"reports/strong_policy_upgrade/safety_finalization/optimization_failure_analysis.md","research evidence","structural","structural","",""
"reports/strong_policy_upgrade/safety_finalization/violation_audit.csv","research evidence","structural","structural","",""
"reports/strong_policy_upgrade/safety_finalization/violation_audit.json","research evidence","structural","structural","",""
"reports/strong_policy_upgrade/safety_finalization/violation_audit.md","research evidence","structural","structural","",""
"reports/strong_policy_upgrade/v1_diagnostic_traces.json","research evidence","structural","structural","",""
"reports/strong_policy_upgrade/webots_timeout/root_cause.json","research evidence","structural","structural","",""
"reports/strong_policy_upgrade/webots_timeout/root_cause.md","research evidence","structural","structural","",""
"reports/strong_policy_upgrade/webots_v4_final/site_dynamic/checkpoint_manifest.json","research evidence","structural","structural","",""
"reports/strong_policy_upgrade/webots_v4_final/site_dynamic/environment_manifest.json","research evidence","structural","structural","",""
"reports/strong_policy_upgrade/webots_v4_final/site_dynamic/process_manifest.json","research evidence","structural","structural","",""
"reports/strong_policy_upgrade/webots_v4_final/site_dynamic/schema_manifest.json","research evidence","structural","structural","",""
"reports/strong_policy_upgrade/webots_v4_final/site_dynamic/summary.json","research evidence","structural","structural","",""
"reports/strong_policy_upgrade/webots_v4_final/site_medium/checkpoint_manifest.json","research evidence","structural","structural","",""
"reports/strong_policy_upgrade/webots_v4_final/site_medium/environment_manifest.json","research evidence","structural","structural","",""
"reports/strong_policy_upgrade/webots_v4_final/site_medium/process_manifest.json","research evidence","structural","structural","",""
"reports/strong_policy_upgrade/webots_v4_final/site_medium/schema_manifest.json","research evidence","structural","structural","",""
"reports/strong_policy_upgrade/webots_v4_final/site_medium/summary.json","research evidence","structural","structural","",""
"reports/strong_policy_upgrade/webots_v4_final/site_small/checkpoint_manifest.json","research evidence","structural","structural","",""
"reports/strong_policy_upgrade/webots_v4_final/site_small/environment_manifest.json","research evidence","structural","structural","",""
"reports/strong_policy_upgrade/webots_v4_final/site_small/process_manifest.json","research evidence","structural","structural","",""
"reports/strong_policy_upgrade/webots_v4_final/site_small/schema_manifest.json","research evidence","structural","structural","",""
"reports/strong_policy_upgrade/webots_v4_final/site_small/summary.json","research evidence","structural","structural","",""
"reports/strong_policy_upgrade/webots_v4_final/summary.json","research evidence","structural","structural","",""
"reports/strong_policy_upgrade/webots_v4_final/summary.md","research evidence","structural","structural","",""
"reports/strong_policy_upgrade/webots_v4_real/site_dynamic/assertion_report.json","research evidence","structural","structural","",""
"reports/strong_policy_upgrade/webots_v4_real/site_dynamic/checkpoint_manifest.json","research evidence","structural","structural","",""
"reports/strong_policy_upgrade/webots_v4_real/site_dynamic/environment_manifest.json","research evidence","structural","structural","",""
"reports/strong_policy_upgrade/webots_v4_real/site_dynamic/process_manifest.json","research evidence","structural","structural","",""
"reports/strong_policy_upgrade/webots_v4_real/site_dynamic/schema_manifest.json","research evidence","structural","structural","",""
"reports/strong_policy_upgrade/webots_v4_real/site_dynamic/summary.json","research evidence","structural","structural","",""
"reports/strong_policy_upgrade/webots_v4_real/site_medium/assertion_report.json","research evidence","structural","structural","",""
"reports/strong_policy_upgrade/webots_v4_real/site_medium/checkpoint_manifest.json","research evidence","structural","structural","",""
"reports/strong_policy_upgrade/webots_v4_real/site_medium/environment_manifest.json","research evidence","structural","structural","",""
"reports/strong_policy_upgrade/webots_v4_real/site_medium/process_manifest.json","research evidence","structural","structural","",""
"reports/strong_policy_upgrade/webots_v4_real/site_medium/schema_manifest.json","research evidence","structural","structural","",""
"reports/strong_policy_upgrade/webots_v4_real/site_medium/summary.json","research evidence","structural","structural","",""
"reports/strong_policy_upgrade/webots_v4_real/site_small/assertion_report.json","research evidence","structural","structural","",""
"reports/strong_policy_upgrade/webots_v4_real/site_small/checkpoint_manifest.json","research evidence","structural","structural","",""
"reports/strong_policy_upgrade/webots_v4_real/site_small/environment_manifest.json","research evidence","structural","structural","",""
"reports/strong_policy_upgrade/webots_v4_real/site_small/process_manifest.json","research evidence","structural","structural","",""
"reports/strong_policy_upgrade/webots_v4_real/site_small/schema_manifest.json","research evidence","structural","structural","",""
"reports/strong_policy_upgrade/webots_v4_real/site_small/summary.json","research evidence","structural","structural","",""
"reports/strong_policy_upgrade/webots_v4_real/summary.json","research evidence","structural","structural","",""
"reports/strong_policy_upgrade/webots_v4_real/summary.md","research evidence","structural","structural","",""
"reports/strong_policy_upgrade/webots_v4_visible_demo/summary.json","research evidence","structural","structural","",""
"reports/strong_policy_upgrade/webots_v4_visible_demo/visible_demo_attempt.json","research evidence","structural","structural","",""
"reports/webots/stage5c_rl_motor_readiness.json","research evidence","structural","structural","",""
"scripts/__init__.py","launcher/validation","runtime-relevant","full","",""
"scripts/audit_github_repository.py","launcher/validation","runtime-relevant","full","",""
"scripts/audit_hrmppo_v2_violations.py","launcher/validation","runtime-relevant","full","",""
"scripts/audit_ppe_dataset.py","launcher/validation","runtime-relevant","full","",""
"scripts/audit_viewpoint_feasibility.py","launcher/validation","runtime-relevant","full","",""
"scripts/benchmark_predictive_shield.py","launcher/validation","runtime-relevant","full","",""
"scripts/build_benchmark_v2_outputs.py","launcher/validation","runtime-relevant","full","",""
"scripts/build_final_release.ps1","launcher/validation","runtime-relevant","full","",""
"scripts/build_final_webots_worlds.py","launcher/validation","runtime-relevant","full","",""
"scripts/build_safe_curriculum.py","launcher/validation","runtime-relevant","full","",""
"scripts/build_stage4b_live_world.py","launcher/validation","runtime-relevant","full","",""
"scripts/build_stage4d_showcase.py","launcher/validation","runtime-relevant","full","",""
"scripts/build_stage5a3_closed_loop_world.py","launcher/validation","runtime-relevant","full","",""
"scripts/build_stage5a_live_camera_world.py","launcher/validation","runtime-relevant","full","",""
"scripts/build_stage5c_rl_motor_world.py","launcher/validation","runtime-relevant","full","",""
"scripts/build_v4_ablation_report.py","launcher/validation","runtime-relevant","full","",""
"scripts/check_env.py","launcher/validation","runtime-relevant","full","",""
"scripts/check_perception_training_environment.py","launcher/validation","runtime-relevant","full","",""
"scripts/configure_ppe_dataset.py","launcher/validation","runtime-relevant","full","",""
"scripts/create_stage5b4_final_showcase.py","launcher/validation","runtime-relevant","full","",""
"scripts/diagnose_policy_v1.py","launcher/validation","runtime-relevant","full","",""
"scripts/evaluate_causal_expert.py","launcher/validation","runtime-relevant","full","",""
"scripts/evaluate_expert_baselines.py","launcher/validation","runtime-relevant","full","",""
"scripts/evaluate_model.py","launcher/validation","runtime-relevant","full","",""
"scripts/evaluate_planner_baselines.py","launcher/validation","runtime-relevant","full","",""
"scripts/evaluate_random.py","launcher/validation","runtime-relevant","full","",""
"scripts/evaluate_riskshield_hrmppo_safe_v3.py","launcher/validation","runtime-relevant","full","",""
"scripts/evaluate_riskshield_hrmppo_v2.py","launcher/validation","runtime-relevant","full","",""
"scripts/evaluate_riskshield_ppo.py","launcher/validation","runtime-relevant","full","",""
"scripts/evaluate_rl_baselines.py","launcher/validation","runtime-relevant","full","",""
"scripts/evaluate_scenarios.py","launcher/validation","runtime-relevant","full","",""
"scripts/fine_tune_ppe_weak_classes.py","launcher/validation","runtime-relevant","full","",""
"scripts/generate_causal_expert_demonstrations.py","launcher/validation","runtime-relevant","full","",""
"scripts/generate_expert_demonstrations.py","launcher/validation","runtime-relevant","full","",""
"scripts/generate_expert_plans.py","launcher/validation","runtime-relevant","full","",""
"scripts/generate_final_completion_reports.py","launcher/validation","runtime-relevant","full","",""
"scripts/generate_final_figures.py","launcher/validation","runtime-relevant","full","",""
"scripts/generate_final_submission_reports.py","launcher/validation","runtime-relevant","full","",""
"scripts/generate_hierarchical_demonstrations.py","launcher/validation","runtime-relevant","full","",""
"scripts/generate_scenarios.py","launcher/validation","runtime-relevant","full","",""
"scripts/get_final_completion_status.ps1","launcher/validation","runtime-relevant","full","",""
"scripts/migrate_safety_contract_v3.py","launcher/validation","runtime-relevant","full","",""
"scripts/optimize_riskshield_hrmppo_v2.py","launcher/validation","runtime-relevant","full","",""
"scripts/plot_benchmark_results.py","launcher/validation","runtime-relevant","full","",""
"scripts/run_benchmark_v2.ps1","launcher/validation","runtime-relevant","full","",""
"scripts/run_complete_autonomous_inspection.ps1","launcher/validation","runtime-relevant","full","",""
"scripts/run_dagger_v2.py","launcher/validation","runtime-relevant","full","",""
"scripts/run_final_acceptance.ps1","launcher/validation","runtime-relevant","full","",""
"scripts/run_final_completion_orchestrator.ps1","launcher/validation","runtime-relevant","full","",""
"scripts/run_final_world_smoke.ps1","launcher/validation","runtime-relevant","full","",""
"scripts/run_full_research_benchmark.ps1","launcher/validation","runtime-relevant","full","",""
"scripts/run_full_research_benchmark.py","launcher/validation","runtime-relevant","full","",""
"scripts/run_hierarchical_benchmark_v2.py","launcher/validation","runtime-relevant","full","",""
"scripts/run_hierarchical_dagger.py","launcher/validation","runtime-relevant","full","",""
"scripts/run_hierarchical_evaluation.ps1","launcher/validation","runtime-relevant","full","",""
"scripts/run_hierarchical_webots_validation.ps1","launcher/validation","runtime-relevant","full","",""
"scripts/run_ppe_detector_pilots.py","launcher/validation","runtime-relevant","full","",""
"scripts/run_real_v4_webots_demo.ps1","launcher/validation","runtime-relevant","full","",""
"scripts/run_safety_dagger_v3.py","launcher/validation","runtime-relevant","full","",""
"scripts/run_stage4b2_runtime.ps1","launcher/validation","runtime-relevant","full","",""
"scripts/run_stage4c_live_policy_dry_run.ps1","launcher/validation","runtime-relevant","full","",""
"scripts/run_stage4d_showcase.ps1","launcher/validation","runtime-relevant","full","",""
"scripts/run_stage5a3_closed_loop_mission.ps1","launcher/validation","runtime-relevant","full","",""
"scripts/run_stage5a3_closed_loop_mission.py","launcher/validation","runtime-relevant","full","",""
"scripts/run_stage5a_live_camera.ps1","launcher/validation","runtime-relevant","full","",""
"scripts/run_stage5b3_live_perception_mission.ps1","launcher/validation","runtime-relevant","full","",""
"scripts/run_stage5b3_live_perception_sidecar.py","launcher/validation","runtime-relevant","full","",""
"scripts/run_stage5c_rl_motor_runtime.ps1","launcher/validation","runtime-relevant","full","",""
"scripts/run_stage9_ablations.py","launcher/validation","runtime-relevant","full","",""
"scripts/run_strong_policy_evaluation.ps1","launcher/validation","runtime-relevant","full","",""
"scripts/run_strong_policy_final_acceptance.ps1","launcher/validation","runtime-relevant","full","",""
"scripts/run_strong_policy_training.ps1","launcher/validation","runtime-relevant","full","",""
"scripts/run_uncertainty_experiments.py","launcher/validation","runtime-relevant","full","",""
"scripts/run_verified_human_first_person_stage5b3.ps1","launcher/validation","runtime-relevant","full","",""
"scripts/stage4c_live_policy_sidecar.py","launcher/validation","runtime-relevant","full","",""
"scripts/stop_final_completion_processes.ps1","launcher/validation","runtime-relevant","full","",""
"scripts/summarize_causal_behavior_cloning.py","launcher/validation","runtime-relevant","full","",""
"scripts/summarize_hrmppo_search.py","launcher/validation","runtime-relevant","full","",""
"scripts/summarize_training_run.py","launcher/validation","runtime-relevant","full","",""
"scripts/train_behavior_cloning_v2.py","launcher/validation","runtime-relevant","full","",""
"scripts/train_curriculum_ppo.py","launcher/validation","runtime-relevant","full","",""
"scripts/train_hierarchical_hrmppo_mpc_v4.py","launcher/validation","runtime-relevant","full","",""
"scripts/train_hierarchical_imitation.py","launcher/validation","runtime-relevant","full","",""
"scripts/train_ppe_fast_balanced.py","launcher/validation","runtime-relevant","full","",""
"scripts/train_ppe_targeted_fast_100e.py","launcher/validation","runtime-relevant","full","",""
"scripts/train_ppe_yolo26s_100e.py","launcher/validation","runtime-relevant","full","",""
"scripts/train_ppe_yolo26s_optimized_100e.py","launcher/validation","runtime-relevant","full","",""
"scripts/train_ppo.py","launcher/validation","runtime-relevant","full","",""
"scripts/train_ppo_research.py","launcher/validation","runtime-relevant","full","",""
"scripts/train_riskshield_hrmppo_safe_v3.py","launcher/validation","runtime-relevant","full","",""
"scripts/train_riskshield_hrmppo_v2.py","launcher/validation","runtime-relevant","full","",""
"scripts/train_riskshield_ppo.py","launcher/validation","runtime-relevant","full","",""
"scripts/train_sac.py","launcher/validation","runtime-relevant","full","",""
"scripts/validate_behavior_cloning_memory.py","launcher/validation","runtime-relevant","full","",""
"scripts/validate_final_evidence.py","launcher/validation","runtime-relevant","full","",""
"scripts/validate_final_perception.py","launcher/validation","runtime-relevant","full","",""
"scripts/validate_final_world_visuals.py","launcher/validation","runtime-relevant","full","",""
"scripts/validate_grid_environment.py","launcher/validation","runtime-relevant","full","",""
"scripts/validate_ppe_dataset_integration.py","launcher/validation","runtime-relevant","full","",""
"scripts/validate_semantic_shield.py","launcher/validation","runtime-relevant","full","",""
"scripts/validate_stage4a_runtime.py","launcher/validation","runtime-relevant","full","",""
"scripts/validate_stage4b2_runtime.py","launcher/validation","runtime-relevant","full","",""
"scripts/validate_stage4c_live_policy_runtime.py","launcher/validation","runtime-relevant","full","",""
"scripts/validate_stage4c_policy_engine.py","launcher/validation","runtime-relevant","full","",""
"scripts/validate_stage5a3_closed_loop_mission.py","launcher/validation","runtime-relevant","full","",""
"scripts/validate_stage5a_live_camera.py","launcher/validation","runtime-relevant","full","",""
"scripts/validate_stage5b3_live_perception_mission.py","launcher/validation","runtime-relevant","full","",""
"scripts/validate_stage5b_live_perception.py","launcher/validation","runtime-relevant","full","",""
"scripts/validate_stage5b_visual_evidence.py","launcher/validation","runtime-relevant","full","",""
"src/riskaware_saferrl/__init__.py","runtime-critical","runtime-relevant","full","",""
"src/riskaware_saferrl/algorithms/__init__.py","runtime-critical","runtime-relevant","full","",""
"src/riskaware_saferrl/algorithms/hierarchical_v4/__init__.py","runtime-critical","runtime-relevant","full","",""
"src/riskaware_saferrl/algorithms/hierarchical_v4/algorithm.py","runtime-critical","runtime-relevant","full","",""
"src/riskaware_saferrl/algorithms/hrmppo_safe_v3/__init__.py","runtime-critical","runtime-relevant","full","",""
"src/riskaware_saferrl/algorithms/hrmppo_safe_v3/algorithm.py","runtime-critical","runtime-relevant","full","",""
"src/riskaware_saferrl/algorithms/hrmppo_safe_v3/pid.py","runtime-critical","runtime-relevant","full","",""
"src/riskaware_saferrl/algorithms/hrmppo_safe_v3/policy.py","runtime-critical","runtime-relevant","full","",""
"src/riskaware_saferrl/algorithms/hrmppo_v2.py","runtime-critical","runtime-relevant","full","",""
"src/riskaware_saferrl/algorithms/riskshield_ppo.py","runtime-critical","runtime-relevant","full","",""
"src/riskaware_saferrl/baselines/__init__.py","runtime-critical","runtime-relevant","full","",""
"src/riskaware_saferrl/baselines/causal_expert.py","runtime-critical","runtime-relevant","full","",""
"src/riskaware_saferrl/baselines/planners.py","runtime-critical","runtime-relevant","full","",""
"src/riskaware_saferrl/benchmarking/__init__.py","runtime-critical","runtime-relevant","full","",""
"src/riskaware_saferrl/benchmarking/harness.py","runtime-critical","runtime-relevant","full","",""
"src/riskaware_saferrl/buffers/__init__.py","runtime-critical","runtime-relevant","full","",""
"src/riskaware_saferrl/buffers/recurrent_cost_rollout_buffer.py","runtime-critical","runtime-relevant","full","",""
"src/riskaware_saferrl/buffers/recurrent_vector_cost_buffer.py","runtime-critical","runtime-relevant","full","",""
"src/riskaware_saferrl/callbacks/__init__.py","runtime-critical","runtime-relevant","full","",""
"src/riskaware_saferrl/callbacks/action_diagnostics.py","runtime-critical","runtime-relevant","full","",""
"src/riskaware_saferrl/callbacks/curriculum_progress.py","runtime-critical","runtime-relevant","full","",""
"src/riskaware_saferrl/callbacks/scenario_evaluation.py","runtime-critical","runtime-relevant","full","",""
"src/riskaware_saferrl/curriculum.py","runtime-critical","runtime-relevant","full","",""
"src/riskaware_saferrl/domain_randomization.py","runtime-critical","runtime-relevant","full","",""
"src/riskaware_saferrl/envs/__init__.py","runtime-critical","runtime-relevant","full","",""
"src/riskaware_saferrl/envs/construction_env.py","runtime-critical","runtime-relevant","full","",""
"src/riskaware_saferrl/envs/curriculum_env.py","runtime-critical","runtime-relevant","full","",""
"src/riskaware_saferrl/envs/research_env.py","runtime-critical","runtime-relevant","full","",""
"src/riskaware_saferrl/envs/research_env_v2.py","runtime-critical","runtime-relevant","full","",""
"src/riskaware_saferrl/evaluation/__init__.py","runtime-critical","runtime-relevant","full","",""
"src/riskaware_saferrl/evaluation/expert_baselines.py","runtime-critical","runtime-relevant","full","",""
"src/riskaware_saferrl/evaluation/metrics.py","runtime-critical","runtime-relevant","full","",""
"src/riskaware_saferrl/evaluation/reward_audit.py","runtime-critical","runtime-relevant","full","",""
"src/riskaware_saferrl/evaluation/scenario_evaluator.py","runtime-critical","runtime-relevant","full","",""
"src/riskaware_saferrl/hierarchical/__init__.py","runtime-critical","runtime-relevant","full","",""
"src/riskaware_saferrl/hierarchical/controller.py","runtime-critical","runtime-relevant","full","",""
"src/riskaware_saferrl/hierarchical/planner.py","runtime-critical","runtime-relevant","full","",""
"src/riskaware_saferrl/hierarchical/policy.py","runtime-critical","runtime-relevant","full","",""
"src/riskaware_saferrl/hierarchical/schemas.py","runtime-critical","runtime-relevant","full","",""
"src/riskaware_saferrl/hierarchical/system.py","runtime-critical","runtime-relevant","full","",""
"src/riskaware_saferrl/inspection.py","runtime-critical","runtime-relevant","full","",""
"src/riskaware_saferrl/live_perception.py","runtime-critical","runtime-relevant","full","",""
"src/riskaware_saferrl/live_perception_sidecar.py","runtime-critical","runtime-relevant","full","",""
"src/riskaware_saferrl/models/__init__.py","runtime-critical","runtime-relevant","full","",""
"src/riskaware_saferrl/models/recurrent_policy.py","runtime-critical","runtime-relevant","full","",""
"src/riskaware_saferrl/models/semantic_extractor.py","runtime-critical","runtime-relevant","full","",""
"src/riskaware_saferrl/perception.py","runtime-critical","runtime-relevant","full","",""
"src/riskaware_saferrl/perception_dataset.py","runtime-critical","runtime-relevant","full","",""
"src/riskaware_saferrl/perception_mapping.py","runtime-critical","runtime-relevant","full","",""
"src/riskaware_saferrl/planners/__init__.py","runtime-critical","runtime-relevant","full","",""
"src/riskaware_saferrl/planners/astar.py","runtime-critical","runtime-relevant","full","",""
"src/riskaware_saferrl/planners/oracle_inspection.py","runtime-critical","runtime-relevant","full","",""
"src/riskaware_saferrl/policies/__init__.py","runtime-critical","runtime-relevant","full","",""
"src/riskaware_saferrl/policies/recurrent_masked_policy.py","runtime-critical","runtime-relevant","full","",""
"src/riskaware_saferrl/safety/__init__.py","runtime-critical","runtime-relevant","full","",""
"src/riskaware_saferrl/safety/lagrangian.py","runtime-critical","runtime-relevant","full","",""
"src/riskaware_saferrl/safety/predictive_shield.py","runtime-critical","runtime-relevant","full","",""
"src/riskaware_saferrl/safety/predictive_shield_v3.py","runtime-critical","runtime-relevant","full","",""
"src/riskaware_saferrl/safety/safety_contract_v3.py","runtime-critical","runtime-relevant","full","",""
"src/riskaware_saferrl/safety/shield.py","runtime-critical","runtime-relevant","full","",""
"src/riskaware_saferrl/safety/transition_pipeline_v3.py","runtime-critical","runtime-relevant","full","",""
"src/riskaware_saferrl/scenario_dataset.py","runtime-critical","runtime-relevant","full","",""
"src/riskaware_saferrl/scenarios.py","runtime-critical","runtime-relevant","full","",""
"src/riskaware_saferrl/training/__init__.py","runtime-critical","runtime-relevant","full","",""
"src/riskaware_saferrl/training/causal_demonstration_mixer.py","runtime-critical","runtime-relevant","full","",""
"src/riskaware_saferrl/training/hierarchical_dataset.py","runtime-critical","runtime-relevant","full","",""
"src/riskaware_saferrl/training/hierarchical_demonstrations.py","runtime-critical","runtime-relevant","full","",""
"src/riskaware_saferrl/training/research.py","runtime-critical","runtime-relevant","full","",""
"src/riskaware_saferrl/training/safety_dagger.py","runtime-critical","runtime-relevant","full","",""
"src/riskaware_saferrl/uncertainty/__init__.py","runtime-critical","runtime-relevant","full","",""
"src/riskaware_saferrl/uncertainty/injection.py","runtime-critical","runtime-relevant","full","",""
"src/riskaware_saferrl/webots/__init__.py","runtime-critical","runtime-relevant","full","",""
"src/riskaware_saferrl/webots/bridge.py","runtime-critical","runtime-relevant","full","",""
"src/riskaware_saferrl/webots/live_bridge.py","runtime-critical","runtime-relevant","full","",""
"src/riskaware_saferrl/webots/motion_primitives.py","runtime-critical","runtime-relevant","full","",""
"src/riskaware_saferrl/webots/policy_dry_run.py","runtime-critical","runtime-relevant","full","",""
"src/riskaware_saferrl/webots/runtime_control.py","runtime-critical","runtime-relevant","full","",""
"src/riskaware_saferrl/webots/safe_policy_pipeline.py","runtime-critical","runtime-relevant","full","",""
"tests/algorithms/test_hierarchical_hrmppo_v4.py","tests","runtime-relevant","full","",""
"tests/algorithms/test_hrmppo_safe_v3.py","tests","runtime-relevant","full","",""
"tests/algorithms/test_hrmppo_v2.py","tests","runtime-relevant","full","",""
"tests/algorithms/test_recurrent_cost_rollout_buffer.py","tests","runtime-relevant","full","",""
"tests/algorithms/test_riskshield_ppo.py","tests","runtime-relevant","full","",""
"tests/algorithms/test_rl_training_adapters.py","tests","runtime-relevant","full","",""
"tests/baselines/test_causal_expert.py","tests","runtime-relevant","full","",""
"tests/baselines/test_final_planners.py","tests","runtime-relevant","full","",""
"tests/benchmarking/test_benchmark_harness.py","tests","runtime-relevant","full","",""
"tests/benchmarking/test_stage9_ablations.py","tests","runtime-relevant","full","",""
"tests/envs/test_research_grid_environment.py","tests","runtime-relevant","full","",""
"tests/envs/test_research_grid_environment_v2.py","tests","runtime-relevant","full","",""
"tests/hierarchical/test_hierarchical_v4.py","tests","runtime-relevant","full","",""
"tests/perception/test_semantic_risk_mapping.py","tests","runtime-relevant","full","",""
"tests/policies/test_recurrent_masked_policy.py","tests","runtime-relevant","full","",""
"tests/safety/test_predictive_safety_shield.py","tests","runtime-relevant","full","",""
"tests/safety/test_predictive_shield_v3.py","tests","runtime-relevant","full","",""
"tests/safety/test_safety_contract_v3.py","tests","runtime-relevant","full","",""
"tests/safety/test_safety_contract_v3_migration.py","tests","runtime-relevant","full","",""
"tests/safety/test_transition_pipeline_v3.py","tests","runtime-relevant","full","",""
"tests/scripts/test_untimed_demo_contract.py","tests","runtime-relevant","full","",""
"tests/test_action_diagnostics.py","tests","runtime-relevant","full","",""
"tests/test_action_masks.py","tests","runtime-relevant","full","",""
"tests/test_astar_planner.py","tests","runtime-relevant","full","",""
"tests/test_baseline_inspection_radius.py","tests","runtime-relevant","full","",""
"tests/test_curriculum.py","tests","runtime-relevant","full","",""
"tests/test_curriculum_env.py","tests","runtime-relevant","full","",""
"tests/test_curriculum_progress.py","tests","runtime-relevant","full","",""
"tests/test_domain_randomization.py","tests","runtime-relevant","full","",""
"tests/test_env_api.py","tests","runtime-relevant","full","",""
"tests/test_expert_baseline_costs.py","tests","runtime-relevant","full","",""
"tests/test_inspection_geometry.py","tests","runtime-relevant","full","",""
"tests/test_lagrangian.py","tests","runtime-relevant","full","",""
"tests/test_live_perception.py","tests","runtime-relevant","full","",""
"tests/test_live_perception_sidecar.py","tests","runtime-relevant","full","",""
"tests/test_maskable_ppo_integration.py","tests","runtime-relevant","full","",""
"tests/test_masked_scenario_evaluation.py","tests","runtime-relevant","full","",""
"tests/test_oracle_inspection.py","tests","runtime-relevant","full","",""
"tests/test_perception.py","tests","runtime-relevant","full","",""
"tests/test_perception_dataset.py","tests","runtime-relevant","full","",""
"tests/test_perception_pilot_config.py","tests","runtime-relevant","full","",""
"tests/test_perception_production_training_config.py","tests","runtime-relevant","full","",""
"tests/test_recurrent_policy.py","tests","runtime-relevant","full","",""
"tests/test_reward_audit.py","tests","runtime-relevant","full","",""
"tests/test_safety_shield.py","tests","runtime-relevant","full","",""
"tests/test_scenario_dataset_integration.py","tests","runtime-relevant","full","",""
"tests/test_scenario_evaluator.py","tests","runtime-relevant","full","",""
"tests/test_scenarios.py","tests","runtime-relevant","full","",""
"tests/test_semantic_extractor.py","tests","runtime-relevant","full","",""
"tests/test_semantic_safety_shield.py","tests","runtime-relevant","full","",""
"tests/test_viewpoint_environment.py","tests","runtime-relevant","full","",""
"tests/test_viewpoint_planner.py","tests","runtime-relevant","full","",""
"tests/test_viewpoint_reward_audit.py","tests","runtime-relevant","full","",""
"tests/test_webots_motion_primitives.py","tests","runtime-relevant","full","",""
"tests/training/test_causal_demonstration_mixer.py","tests","runtime-relevant","full","",""
"tests/training/test_causal_expert_demonstrations.py","tests","runtime-relevant","full","",""
"tests/training/test_dagger_v2.py","tests","runtime-relevant","full","",""
"tests/training/test_expert_demonstrations.py","tests","runtime-relevant","full","",""
"tests/training/test_hierarchical_demonstrations.py","tests","runtime-relevant","full","",""
"tests/training/test_memory_bounded_demonstrations.py","tests","runtime-relevant","full","",""
"tests/training/test_safety_dagger.py","tests","runtime-relevant","full","",""
"tests/uncertainty/test_uncertainty_injection.py","tests","runtime-relevant","full","",""
"tests/webots/.gitkeep","tests","runtime-relevant","full","",""
"tests/webots/test_experimental_controller_contract.py","tests","runtime-relevant","full","",""
"tests/webots/test_final_worlds.py","tests","runtime-relevant","full","",""
"tests/webots/test_safe_policy_pipeline.py","tests","runtime-relevant","full","",""
"tests/webots/test_stage4a_assets.py","tests","runtime-relevant","full","",""
"tests/webots/test_stage4b_bridge.py","tests","runtime-relevant","full","",""
"tests/webots/test_stage4b_live_assets.py","tests","runtime-relevant","full","",""
"tests/webots/test_stage4b_live_telemetry.py","tests","runtime-relevant","full","",""
"tests/webots/test_stage4c_live_policy_runtime.py","tests","runtime-relevant","full","",""
"tests/webots/test_stage4c_policy_dry_run.py","tests","runtime-relevant","full","",""
"tests/webots/test_stage4d_showcase.py","tests","runtime-relevant","full","",""
"tests/webots/test_stage5a3_closed_loop_mission.py","tests","runtime-relevant","full","",""
"tests/webots/test_stage5a3_launcher.py","tests","runtime-relevant","full","",""
"tests/webots/test_stage5a3_navigation_conventions.py","tests","runtime-relevant","full","",""
"tests/webots/test_stage5a3_physics_camera_view.py","tests","runtime-relevant","full","",""
"tests/webots/test_stage5a3_stability_control.py","tests","runtime-relevant","full","",""
"tests/webots/test_stage5a_live_camera.py","tests","runtime-relevant","full","",""
"tests/webots/test_stage5b3_human_first_person_runtime.py","tests","runtime-relevant","full","",""
"tests/webots/test_stage5b3_live_perception_validator.py","tests","runtime-relevant","full","",""
"tests/webots/test_stage5b_visual_evidence.py","tests","runtime-relevant","full","",""
"tests/webots/test_stage5c_rl_motor_assets.py","tests","runtime-relevant","full","",""
"tests/webots/test_stage5c_runtime_control.py","tests","runtime-relevant","full","",""
"tests/webots/test_supervisor_pose_math.py","tests","runtime-relevant","full","",""
"webots/assets/.gitkeep","unrelated support","structural","structural","",""
"webots/config/.gitkeep","unrelated support","structural","structural","",""
"webots/config/environment_report.json","unrelated support","structural","structural","",""
"webots/config/stage4a_motion_test.json","unrelated support","structural","structural","",""
"webots/controllers/README.md","Webots controller","runtime-relevant","full","",""
"webots/controllers/closed_loop_inspection_robot/closed_loop_inspection_robot.py","Webots controller","runtime-relevant","full","",""
"webots/controllers/closed_loop_inspection_supervisor/closed_loop_inspection_supervisor.py","Webots controller","runtime-relevant","full","",""
"webots/controllers/construction_robot/construction_robot.py","Webots controller","runtime-relevant","full","",""
"webots/controllers/final_dynamic_worker/final_dynamic_worker.py","Webots controller","runtime-relevant","full","",""
"webots/controllers/hierarchical_experimental_robot/hierarchical_experimental_robot.py","Webots controller","runtime-relevant","full","",""
"webots/controllers/hierarchical_experimental_supervisor/hierarchical_experimental_supervisor.py","Webots controller","runtime-relevant","full","",""
"webots/controllers/live_bridge_robot/live_bridge_robot.py","Webots controller","runtime-relevant","full","",""
"webots/controllers/live_bridge_supervisor/live_bridge_supervisor.py","Webots controller","runtime-relevant","full","",""
"webots/controllers/live_camera_robot/live_camera_robot.py","Webots controller","runtime-relevant","full","",""
"webots/controllers/live_camera_supervisor/live_camera_supervisor.py","Webots controller","runtime-relevant","full","",""
"webots/controllers/manual_robot_test/manual_robot_test.py","Webots controller","runtime-relevant","full","",""
"webots/controllers/rl_autonomous_inspection_robot/rl_autonomous_inspection_robot.py","Webots controller","runtime-relevant","full","",""
"webots/controllers/rl_autonomous_inspection_supervisor/rl_autonomous_inspection_supervisor.py","Webots controller","runtime-relevant","full","",""
"webots/controllers/scenario_supervisor/scenario_supervisor.py","Webots controller","runtime-relevant","full","",""
"webots/controllers/showcase_robot/showcase_robot.py","Webots controller","runtime-relevant","full","",""
"webots/controllers/showcase_supervisor/showcase_supervisor.py","Webots controller","runtime-relevant","full","",""
"webots/logs/.gitignore","unrelated support","structural","structural","",""
"webots/logs/.gitkeep","unrelated support","structural","structural","",""
"webots/protos/.gitkeep","unrelated support","structural","structural","",""
"webots/protos/README.md","documentation","structural","structural","",""
"webots/worlds/README.md","Webots world","runtime-relevant","full","",""
"webots/worlds/construction_site_stage4a.wbt","Webots world","runtime-relevant","full","",""
"webots/worlds/construction_site_stage4b_live_bridge.wbt","Webots world","runtime-relevant","full","",""
"webots/worlds/construction_site_stage4d_showcase.wbt","Webots world","runtime-relevant","full","",""
"webots/worlds/construction_site_stage5a3_closed_loop_mission.wbt","Webots world","runtime-relevant","full","",""
"webots/worlds/construction_site_stage5a_live_camera.wbt","Webots world","runtime-relevant","full","",""
"webots/worlds/construction_site_stage5c_rl_motor_runtime.wbt","Webots world","runtime-relevant","full","",""
"webots/worlds/site_dynamic.wbt","Webots world","runtime-relevant","full","",""
"webots/worlds/site_dynamic_v4_visible_demo.wbt","Webots world","runtime-relevant","full","",""
"webots/worlds/site_medium.wbt","Webots world","runtime-relevant","full","",""
"webots/worlds/site_small.wbt","Webots world","runtime-relevant","full","",""
