episode_id,world,profile,seed,steps,success,legacy_raw_safety_cost,collision_steps,restricted_dwell_steps,worker_near_miss_steps,dynamic_hazard_proximity_steps,controlled_inspection_exposure_steps,uncontrolled_ppe_exposure_steps,emergency_stop_steps,shield_intervention_steps,legacy_constraint_count
site_small:low:5400,site_small,low,5400,25,True,2.5,0,1,0,3,0,0,0,0,4
site_small:medium:5400,site_small,medium,5400,35,True,3.25,0,1,4,0,0,1,0,0,5
site_small:high:5400,site_small,high,5400,102,True,15.75,0,3,15,9,0,3,0,0,27
site_medium:low:5400,site_medium,low,5400,300,False,45.75,0,13,30,36,0,7,0,10,75
site_medium:medium:5400,site_medium,medium,5400,240,True,28.0,0,6,23,15,0,12,0,0,44
site_medium:high:5400,site_medium,high,5400,300,False,126.75,0,2,248,3,0,1,0,112,251
site_dynamic:low:5400,site_dynamic,low,5400,263,True,42.75,0,9,41,29,0,7,0,3,73
site_dynamic:medium:5400,site_dynamic,medium,5400,400,False,76.5,0,15,77,46,0,6,0,20,135
site_dynamic:high:5400,site_dynamic,high,5400,280,True,74.25,0,10,89,42,2,5,0,3,135
site_small:low:5401,site_small,low,5401,87,True,9.0,0,0,9,9,0,0,0,0,18
site_small:medium:5401,site_small,medium,5401,73,True,8.5,0,2,6,7,0,0,0,0,15
site_small:high:5401,site_small,high,5401,33,True,0.5,0,0,0,1,0,0,0,0,1
site_medium:low:5401,site_medium,low,5401,300,False,0.0,0,0,0,0,0,0,0,121,0
site_medium:medium:5401,site_medium,medium,5401,100,True,20.5,0,3,22,14,0,2,0,2,37
site_medium:high:5401,site_medium,high,5401,271,True,52.0,0,12,64,18,0,4,0,9,90
site_dynamic:low:5401,site_dynamic,low,5401,208,True,28.25,0,8,21,19,0,5,0,5,46
site_dynamic:medium:5401,site_dynamic,medium,5401,400,False,75.5,0,20,66,51,0,6,0,34,128
site_dynamic:high:5401,site_dynamic,high,5401,294,True,58.0,0,8,73,34,1,5,0,8,105
site_small:low:5402,site_small,low,5402,74,True,10.0,0,3,5,9,0,0,0,0,17
site_small:medium:5402,site_small,medium,5402,60,True,2.0,0,1,1,1,0,0,0,2,3
site_small:high:5402,site_small,high,5402,53,True,9.5,0,2,11,4,0,0,0,2,17
site_medium:low:5402,site_medium,low,5402,100,True,17.0,0,7,9,12,0,2,0,0,26
site_medium:medium:5402,site_medium,medium,5402,300,False,29.5,0,12,11,21,0,8,0,4,43
site_medium:high:5402,site_medium,high,5402,136,True,18.0,0,5,16,8,0,4,0,1,29
site_dynamic:low:5402,site_dynamic,low,5402,400,False,72.75,0,14,72,52,0,7,0,19,128
site_dynamic:medium:5402,site_dynamic,medium,5402,400,False,65.0,0,32,47,24,0,4,0,7,96
site_dynamic:high:5402,site_dynamic,high,5402,320,True,55.0,0,12,62,27,0,8,0,17,94
site_small:low:5403,site_small,low,5403,57,True,5.25,0,1,6,2,0,1,0,0,9
site_small:medium:5403,site_small,medium,5403,131,True,19.25,0,7,14,9,0,3,0,1,30
site_small:high:5403,site_small,high,5403,87,True,8.75,0,3,8,3,1,2,0,0,13
site_medium:low:5403,site_medium,low,5403,91,True,16.0,0,3,14,11,0,6,0,3,26
site_medium:medium:5403,site_medium,medium,5403,211,True,28.25,0,6,24,23,0,3,0,0,49
site_medium:high:5403,site_medium,high,5403,199,True,36.5,0,8,40,21,0,4,0,2,63
site_dynamic:low:5403,site_dynamic,low,5403,400,False,56.25,0,12,50,22,0,47,0,8,77
site_dynamic:medium:5403,site_dynamic,medium,5403,400,False,78.75,0,19,73,52,0,9,0,31,134
site_dynamic:high:5403,site_dynamic,high,5403,348,True,78.0,0,12,102,43,0,6,0,11,141
site_small:low:5404,site_small,low,5404,129,True,15.5,0,5,17,2,0,4,0,0,24
site_small:medium:5404,site_small,medium,5404,91,True,14.0,0,5,9,10,0,2,0,0,22
site_small:high:5404,site_small,high,5404,180,False,8.5,0,1,6,1,0,16,0,21,8
site_medium:low:5404,site_medium,low,5404,300,False,40.25,0,13,17,33,0,11,0,1,62
site_medium:medium:5404,site_medium,medium,5404,196,True,25.0,0,10,20,10,0,4,0,2,38
site_medium:high:5404,site_medium,high,5404,211,True,50.25,0,11,61,19,1,2,0,3,88
site_dynamic:low:5404,site_dynamic,low,5404,232,True,36.0,0,8,36,19,0,8,0,3,60
site_dynamic:medium:5404,site_dynamic,medium,5404,192,True,33.0,0,13,26,12,1,7,0,1,49
site_dynamic:high:5404,site_dynamic,high,5404,302,True,69.75,0,14,81,37,1,6,0,1,122
site_small:low:5405,site_small,low,5405,34,True,5.0,0,2,5,1,0,0,0,0,8
site_small:medium:5405,site_small,medium,5405,91,True,6.5,0,2,6,2,0,2,0,1,10
site_small:high:5405,site_small,high,5405,76,True,7.5,0,1,11,1,0,2,0,1,13
site_medium:low:5405,site_medium,low,5405,166,True,18.25,0,5,19,9,0,1,0,7,31
site_medium:medium:5405,site_medium,medium,5405,273,True,35.5,0,6,29,28,0,8,0,4,61
site_medium:high:5405,site_medium,high,5405,300,False,41.75,0,6,46,27,0,3,0,26,76
site_dynamic:low:5405,site_dynamic,low,5405,400,False,44.0,0,16,27,31,1,3,0,32,70
site_dynamic:medium:5405,site_dynamic,medium,5405,311,True,73.25,0,39,40,26,2,7,1,64,103
site_dynamic:high:5405,site_dynamic,high,5405,400,False,77.75,0,15,105,22,0,7,0,47,137
site_small:low:5406,site_small,low,5406,73,True,5.25,0,1,5,3,0,1,0,2,9
site_small:medium:5406,site_small,medium,5406,136,True,15.75,0,4,15,7,0,3,0,0,26
site_small:high:5406,site_small,high,5406,141,True,13.5,0,6,12,2,0,2,0,0,20
site_medium:low:5406,site_medium,low,5406,205,True,19.5,0,7,12,12,1,1,0,3,31
site_medium:medium:5406,site_medium,medium,5406,229,True,25.25,0,10,21,9,0,3,0,6,39
site_medium:high:5406,site_medium,high,5406,211,True,34.75,0,10,34,16,1,6,0,0,56
site_dynamic:low:5406,site_dynamic,low,5406,379,True,55.75,0,12,43,47,0,7,0,13,96
site_dynamic:medium:5406,site_dynamic,medium,5406,202,True,39.25,0,8,27,38,0,3,0,10,69
site_dynamic:high:5406,site_dynamic,high,5406,400,False,92.5,0,27,90,41,0,8,0,20,154
site_small:low:5407,site_small,low,5407,100,True,4.5,0,2,4,0,0,2,0,0,6
site_small:medium:5407,site_small,medium,5407,75,True,3.5,0,0,4,3,0,0,0,1,7
site_small:high:5407,site_small,high,5407,28,True,2.5,0,2,1,0,0,0,0,0,3
site_medium:low:5407,site_medium,low,5407,206,True,23.25,0,8,8,20,0,5,0,0,36
site_medium:medium:5407,site_medium,medium,5407,300,False,147.5,0,0,295,0,0,0,0,146,295
site_medium:high:5407,site_medium,high,5407,300,False,22.75,0,9,25,5,0,1,0,14,36
site_dynamic:low:5407,site_dynamic,low,5407,276,True,37.75,0,12,35,14,1,8,0,4,59
site_dynamic:medium:5407,site_dynamic,medium,5407,304,True,57.25,0,18,47,33,0,5,0,13,94
site_dynamic:high:5407,site_dynamic,high,5407,332,True,63.0,0,14,64,37,1,7,0,14,108
site_small:low:5408,site_small,low,5408,94,True,3.5,0,2,2,0,0,2,0,0,4
site_small:medium:5408,site_small,medium,5408,58,True,4.5,0,0,9,0,0,0,0,0,9
site_small:high:5408,site_small,high,5408,105,True,16.75,0,4,20,5,0,3,0,1,28
site_medium:low:5408,site_medium,low,5408,133,True,14.5,0,6,9,6,0,4,0,2,21
site_medium:medium:5408,site_medium,medium,5408,158,True,26.25,0,6,39,0,0,3,0,0,45
site_medium:high:5408,site_medium,high,5408,214,True,34.5,0,7,44,10,1,5,0,4,59
site_dynamic:low:5408,site_dynamic,low,5408,400,False,52.75,0,7,26,70,1,4,0,9,96
site_dynamic:medium:5408,site_dynamic,medium,5408,286,True,54.75,0,15,53,25,0,7,0,4,91
site_dynamic:high:5408,site_dynamic,high,5408,400,False,113.75,0,47,112,55,0,5,1,69,178
site_small:low:5409,site_small,low,5409,75,True,5.75,0,0,2,9,0,1,0,0,11
site_small:medium:5409,site_small,medium,5409,36,True,2.75,0,0,5,0,0,1,0,0,5
site_small:high:5409,site_small,high,5409,43,True,3.25,0,0,6,0,0,1,0,0,6
site_medium:low:5409,site_medium,low,5409,117,True,18.25,0,5,16,9,0,3,0,1,30
site_medium:medium:5409,site_medium,medium,5409,262,True,52.0,0,14,58,18,1,7,0,3,86
site_medium:high:5409,site_medium,high,5409,126,True,25.25,0,3,31,15,0,1,0,9,47
site_dynamic:low:5409,site_dynamic,low,5409,400,False,118.0,0,8,195,27,1,5,0,123,225
site_dynamic:medium:5409,site_dynamic,medium,5409,313,True,44.75,0,10,28,42,2,7,0,27,75
site_dynamic:high:5409,site_dynamic,high,5409,355,True,77.25,0,15,94,37,0,11,0,11,134
